DATE,PRCP,TAVG,TMAX,TMIN
2015-01-01,0.2,58,,
2015-01-02,0.35,55,66.0,
2015-01-03,0.02,50,63.0,43.0
2015-01-04,0.0,55,65.0,44.0
2015-01-05,0.01,60,,53.0
2015-01-06,0.0,53,63.0,
2015-01-07,0.02,45,55.0,
2015-01-08,0.0,42,50.0,
2015-01-09,0.0,40,,
2015-01-10,0.01,43,51.0,31.0
2015-01-11,0.0,48,,
2015-01-12,0.0,52,,40.0
2015-01-13,0.0,56,,55.0
2015-01-14,0.0,54,60.0,
2015-01-15,1.61,52,61.0,
2015-01-16,0.0,53,63.0,43.0
2015-01-17,0.16,55,,
2015-01-18,0.0,55,65.0,46.0
2015-01-19,0.0,55,65.0,
2015-01-20,0.0,55,67.0,47.0
2015-01-21,0.0,56,66.0,46.0
2015-01-22,0.02,56,,48.0
2015-01-23,0.01,59,,52.0
2015-01-24,0.0,58,67.0,51.0
2015-01-25,0.01,58,68.0,
2015-01-26,0.0,55,69.0,43.0
2015-01-27,0.0,54,63.0,
2015-01-28,0.02,56,67.0,47.0
2015-01-29,0.0,55,65.0,47.0
2015-01-30,0.39,54,61.0,
2015-01-31,0.05,57,67.0,48.0
2015-02-01,0.0,56,67.0,46.0
2015-02-02,0.01,57,,
2015-02-03,0.01,58,,47.0
2015-02-04,0.0,57,68.0,45.0
2015-02-05,0.0,56,,46.0
2015-02-06,0.01,60,67.0,52.0
2015-02-07,0.0,61,73.0,53.0
2015-02-08,0.0,59,,49.0
2015-02-09,0.04,57,,
2015-02-10,0.0,55,65.0,46.0
2015-02-11,0.75,50,58.0,
2015-02-12,0.39,51,60.0,43.0
2015-02-13,0.21,49,57.0,44.0
2015-02-14,0.04,50,59.0,41.0
2015-02-15,0.01,52,,44.0
2015-02-16,0.04,52,63.0,43.0
2015-02-17,0.02,52,62.0,44.0
2015-02-18,0.0,51,,44.0
2015-02-19,0.0,42,51.0,
2015-02-20,0.0,47,,33.0
2015-02-21,0.0,49,61.0,38.0
2015-02-22,0.0,52,62.0,39.0
2015-02-23,0.0,55,,49.0
2015-02-24,0.12,57,62.0,
2015-02-25,0.13,56,67.0,47.0
2015-02-26,0.0,59,67.0,52.0
2015-02-27,0.0,60,70.0,
2015-02-28,0.0,60,71.0,
2015-03-01,0.02,56,68.0,44.0
2015-03-02,0.51,56,69.0,45.0
2015-03-03,0.01,56,67.0,45.0
2015-03-04,0.0,58,70.0,47.0
2015-03-05,0.0,56,67.0,44.0
2015-03-06,0.0,60,,50.0
2015-03-07,0.0,63,71.0,54.0
2015-03-08,0.0,63,,
2015-03-09,0.0,63,77.0,
2015-03-10,0.0,65,77.0,51.0
2015-03-11,0.07,60,63.0,
2015-03-12,0.0,58,,53.0
2015-03-13,0.0,58,,48.0
2015-03-14,0.0,58,,48.0
2015-03-15,0.0,57,68.0,44.0
2015-03-16,0.0,59,,49.0
2015-03-17,0.0,58,,
2015-03-18,0.0,58,68.0,47.0
2015-03-19,0.0,59,68.0,50.0
2015-03-20,0.0,57,65.0,
2015-03-21,0.01,56,63.0,49.0
2015-03-22,0.0,57,68.0,48.0
2015-03-23,0.0,56,65.0,
2015-03-24,0.0,60,69.0,49.0
2015-03-25,0.0,60,,50.0
2015-03-26,0.0,62,72.0,52.0
2015-03-27,0.0,66,,55.0
2015-03-28,0.0,63,69.0,
2015-03-29,0.21,61,71.0,
2015-03-30,0.22,60,69.0,
2015-03-31,0.05,59,69.0,46.0
2015-04-01,0.0,60,69.0,
2015-04-02,0.01,60,69.0,49.0
2015-04-03,0.0,60,70.0,
2015-04-04,0.01,61,75.0,
2015-04-05,0.0,60,71.0,47.0
2015-04-06,0.0,60,68.0,51.0
2015-04-07,0.0,63,,
2015-04-08,0.0,63,69.0,56.0
2015-04-09,0.0,61,,
2015-04-10,0.09,56,65.0,47.0
2015-04-11,0.09,56,65.0,
2015-04-12,0.0,58,68.0,47.0
2015-04-13,0.0,60,70.0,
2015-04-14,0.0,59,69.0,
2015-04-15,0.0,64,74.0,47.0
2015-04-16,0.0,67,,
2015-04-17,0.0,65,78.0,
2015-04-18,0.0,63,72.0,53.0
2015-04-19,0.0,63,72.0,
2015-04-20,0.0,66,,59.0
2015-04-21,0.0,66,76.0,54.0
2015-04-22,0.0,60,,
2015-04-23,0.06,54,65.0,45.0
2015-04-24,0.2,59,,45.0
2015-04-25,0.0,60,69.0,47.0
2015-04-26,0.0,65,74.0,
2015-04-27,0.0,69,79.0,
2015-04-28,0.0,72,84.0,60.0
2015-04-29,0.0,72,,59.0
2015-04-30,0.0,68,,
2015-05-01,0.0,66,76.0,
2015-05-02,0.0,67,75.0,56.0
2015-05-03,0.0,66,,
2015-05-04,0.0,65,73.0,55.0
2015-05-05,0.0,70,78.0,59.0
2015-05-06,0.0,73,84.0,60.0
2015-05-07,0.0,74,83.0,64.0
2015-05-08,0.0,72,,61.0
2015-05-09,0.0,70,80.0,
2015-05-10,0.0,70,79.0,62.0
2015-05-11,0.01,69,,60.0
2015-05-12,0.0,70,79.0,61.0
2015-05-13,0.0,68,79.0,58.0
2015-05-14,0.0,69,80.0,59.0
2015-05-15,,69,79.0,
2015-05-16,0.0,70,80.0,57.0
2015-05-17,0.0,72,,59.0
2015-05-18,0.0,81,,65.0
2015-05-19,0.0,83,92.0,
2015-05-20,0.0,79,,
2015-05-21,0.0,74,83.0,
2015-05-22,0.0,73,,
2015-05-23,0.0,72,81.0,63.0
2015-05-24,0.0,72,84.0,63.0
2015-05-25,0.0,73,93.0,62.0
2015-05-26,0.0,73,84.0,61.0
2015-05-27,0.0,73,79.0,
2015-05-28,0.0,74,84.0,64.0
2015-05-29,0.0,72,80.0,65.0
2015-05-30,0.01,70,78.0,61.0
2015-05-31,0.0,69,77.0,60.0
2015-06-01,0.0,74,84.0,
2015-06-02,0.0,75,88.0,
2015-06-03,0.0,72,80.0,
2015-06-04,0.01,72,80.0,59.0
2015-06-05,0.0,72,81.0,63.0
2015-06-06,0.02,74,81.0,
2015-06-07,0.0,74,80.0,67.0
2015-06-08,0.0,75,,
2015-06-09,0.0,79,93.0,
2015-06-10,0.0,74,83.0,64.0
2015-06-11,0.0,74,82.0,
2015-06-12,0.0,74,81.0,65.0
2015-06-13,0.0,75,,65.0
2015-06-14,0.0,76,85.0,66.0
2015-06-15,0.0,77,88.0,68.0
2015-06-16,0.01,78,87.0,
2015-06-17,0.01,78,87.0,66.0
2015-06-18,0.0,78,,70.0
2015-06-19,0.0,78,87.0,
2015-06-20,0.0,76,83.0,67.0
2015-06-21,0.0,77,84.0,68.0
2015-06-22,0.0,77,85.0,67.0
2015-06-23,0.0,76,85.0,66.0
2015-06-24,0.0,77,85.0,67.0
2015-06-25,0.0,76,86.0,67.0
2015-06-26,0.01,76,85.0,65.0
2015-06-27,0.0,76,83.0,68.0
2015-06-28,0.0,79,86.0,
2015-06-29,0.0,76,83.0,65.0
2015-06-30,0.0,76,84.0,
2015-07-01,0.0,78,85.0,67.0
2015-07-02,0.0,81,92.0,70.0
2015-07-03,0.0,79,89.0,69.0
2015-07-04,0.0,79,87.0,69.0
2015-07-05,0.0,83,96.0,69.0
2015-07-06,0.0,81,92.0,71.0
2015-07-07,0.0,78,,
2015-07-08,0.01,79,87.0,
2015-07-09,0.0,79,87.0,70.0
2015-07-10,0.0,80,87.0,
2015-07-11,0.0,83,92.0,
2015-07-12,0.0,79,87.0,71.0
2015-07-13,0.0,81,89.0,71.0
2015-07-14,0.0,81,92.0,70.0
2015-07-15,0.01,81,92.0,
2015-07-16,0.0,83,94.0,
2015-07-17,0.02,83,,73.0
2015-07-18,0.0,84,92.0,74.0
2015-07-19,0.01,83,93.0,68.0
2015-07-20,0.0,83,95.0,69.0
2015-07-21,0.01,84,94.0,71.0
2015-07-22,0.0,84,,
2015-07-23,0.0,83,92.0,
2015-07-24,0.0,80,88.0,66.0
2015-07-25,0.0,82,,72.0
2015-07-26,0.0,83,90.0,73.0
2015-07-27,0.0,84,,74.0
2015-07-28,0.0,83,90.0,75.0
2015-07-29,0.0,82,90.0,75.0
2015-07-30,0.0,83,90.0,74.0
2015-07-31,0.0,84,90.0,78.0
2015-08-01,0.0,85,91.0,
2015-08-02,0.0,88,95.0,75.0
2015-08-03,0.0,94,103.0,83.0
2015-08-04,0.0,89,98.0,80.0
2015-08-05,0.0,87,96.0,
2015-08-06,0.0,85,92.0,78.0
2015-08-07,0.0,85,,76.0
2015-08-08,0.0,84,,72.0
2015-08-09,,85,,
2015-08-10,0.0,85,94.0,75.0
2015-08-11,0.0,83,92.0,75.0
2015-08-12,0.0,83,92.0,
2015-08-13,0.0,83,94.0,74.0
2015-08-14,0.0,85,95.0,75.0
2015-08-15,0.0,86,97.0,76.0
2015-08-16,0.0,90,98.0,80.0
2015-08-17,0.0,88,96.0,
2015-08-18,0.0,85,94.0,
2015-08-19,0.0,84,90.0,76.0
2015-08-20,0.0,84,,
2015-08-21,0.0,82,,71.0
2015-08-22,0.0,83,91.0,75.0
2015-08-23,0.0,84,92.0,76.0
2015-08-24,0.0,82,90.0,
2015-08-25,0.0,83,90.0,73.0
2015-08-26,0.0,85,96.0,76.0
2015-08-27,0.0,85,,76.0
2015-08-28,0.0,85,94.0,73.0
2015-08-29,0.0,86,96.0,
2015-08-30,0.0,85,,
2015-08-31,0.0,84,92.0,73.0
2015-09-01,0.0,84,,72.0
2015-09-02,0.0,83,,71.0
2015-09-03,0.0,83,92.0,73.0
2015-09-04,0.0,82,,70.0
2015-09-05,0.0,81,89.0,73.0
2015-09-06,0.0,82,91.0,71.0
2015-09-07,0.0,84,91.0,
2015-09-08,0.0,89,,
2015-09-09,0.0,85,93.0,73.0
2015-09-10,0.0,84,92.0,76.0
2015-09-11,0.0,87,98.0,76.0
2015-09-12,0.0,85,96.0,75.0
2015-09-13,0.0,82,92.0,72.0
2015-09-14,0.0,82,,73.0
2015-09-15,0.0,83,94.0,
2015-09-16,0.0,83,91.0,75.0
2015-09-17,0.0,82,90.0,74.0
2015-09-18,0.0,80,89.0,
2015-09-19,0.0,81,89.0,72.0
2015-09-20,0.0,79,88.0,
2015-09-21,0.0,80,89.0,71.0
2015-09-22,0.0,79,88.0,
2015-09-23,0.0,80,,71.0
2015-09-24,0.0,80,89.0,71.0
2015-09-25,0.0,79,89.0,69.0
2015-09-26,0.0,79,,67.0
2015-09-27,0.0,80,87.0,70.0
2015-09-28,0.0,79,87.0,71.0
2015-09-29,0.0,80,89.0,
2015-09-30,0.0,77,,67.0
2015-10-01,0.0,78,,70.0
2015-10-02,0.0,80,,73.0
2015-10-03,0.0,81,89.0,
2015-10-04,0.0,78,87.0,
2015-10-05,0.0,76,,68.0
2015-10-06,0.0,75,84.0,
2015-10-07,0.0,73,84.0,
2015-10-08,,71,83.0,
2015-10-09,0.0,75,83.0,65.0
2015-10-10,0.0,75,83.0,67.0
2015-10-11,0.0,77,,67.0
2015-10-12,0.0,78,90.0,68.0
2015-10-13,0.0,77,86.0,
2015-10-14,0.0,74,84.0,64.0
2015-10-15,0.0,75,,
2015-10-16,0.0,77,86.0,67.0
2015-10-17,0.0,77,,66.0
2015-10-18,0.0,75,84.0,66.0
2015-10-19,0.0,74,86.0,62.0
2015-10-20,0.0,76,,64.0
2015-10-21,0.0,74,,65.0
2015-10-22,0.04,72,80.0,
2015-10-23,0.3,76,85.0,68.0
2015-10-24,0.01,75,84.0,
2015-10-25,0.45,69,76.0,
2015-10-26,0.06,69,79.0,64.0
2015-10-27,0.1,69,79.0,
2015-10-28,0.0,69,78.0,
2015-10-29,0.0,68,76.0,63.0
2015-10-30,0.09,68,78.0,
2015-10-31,0.0,70,,60.0
2015-11-01,0.0,70,80.0,62.0
2015-11-02,0.0,69,77.0,62.0
2015-11-03,0.0,70,,63.0
2015-11-04,0.0,70,76.0,64.0
2015-11-05,0.0,70,,
2015-11-06,0.0,69,77.0,
2015-11-07,0.0,69,78.0,
2015-11-08,0.0,68,,60.0
2015-11-09,0.0,67,76.0,
2015-11-10,0.0,63,73.0,
2015-11-11,0.0,62,76.0,52.0
2015-11-12,0.0,64,74.0,
2015-11-13,0.0,67,80.0,55.0
2015-11-14,0.0,67,79.0,55.0
2015-11-15,0.0,67,74.0,58.0
2015-11-16,0.0,68,,
2015-11-17,0.0,67,75.0,
2015-11-18,0.0,64,74.0,55.0
2015-11-19,0.0,64,74.0,53.0
2015-11-20,0.0,63,,53.0
2015-11-21,0.0,63,72.0,54.0
2015-11-22,0.0,65,74.0,
2015-11-23,0.0,65,76.0,
2015-11-24,0.0,65,78.0,
2015-11-25,0.0,63,76.0,53.0
2015-11-26,0.0,69,77.0,59.0
2015-11-27,0.0,66,,56.0
2015-11-28,0.0,65,74.0,55.0
2015-11-29,0.0,65,76.0,54.0
2015-11-30,0.0,60,,51.0
2015-12-01,0.01,59,,52.0
2015-12-02,0.0,61,72.0,49.0
2015-12-03,0.0,55,,
2015-12-04,0.0,53,63.0,44.0
2015-12-05,0.0,53,60.0,
2015-12-06,0.0,55,68.0,
2015-12-07,0.0,57,,47.0
2015-12-08,0.0,58,70.0,49.0
2015-12-09,0.0,58,69.0,47.0
2015-12-10,0.0,59,,
2015-12-11,0.0,59,69.0,50.0
2015-12-12,0.02,56,,52.0
2015-12-13,0.5,58,66.0,
2015-12-14,0.0,57,69.0,
2015-12-15,0.0,59,68.0,50.0
2015-12-16,0.0,58,67.0,
2015-12-17,0.79,56,,
2015-12-18,2.01,58,,54.0
2015-12-19,0.99,56,64.0,
2015-12-20,0.0,56,65.0,49.0
2015-12-21,0.01,56,66.0,
2015-12-22,0.0,56,67.0,
2015-12-23,0.0,57,,49.0
2015-12-24,0.0,58,,
2015-12-25,0.0,56,69.0,45.0
2015-12-26,0.0,58,68.0,47.0
2015-12-27,0.0,59,69.0,51.0
2015-12-28,0.0,60,,
2015-12-29,0.0,59,69.0,
2015-12-30,0.2,55,65.0,49.0
2015-12-31,0.08,47,55.0,
2016-01-01,0.01,41,47.0,
2016-01-02,0.0,42,52.0,33.0
2016-01-03,0.0,48,56.0,39.0
2016-01-04,0.59,52,,42.0
2016-01-05,0.31,58,63.0,51.0
2016-01-06,0.0,63,,56.0
2016-01-07,0.24,61,67.0,55.0
2016-01-08,0.05,58,64.0,
2016-01-09,0.0,54,64.0,
2016-01-10,0.0,54,,44.0
2016-01-11,0.02,54,,
2016-01-12,0.01,57,65.0,49.0
2016-01-13,0.01,58,67.0,46.0
2016-01-14,0.0,60,69.0,
2016-01-15,0.0,54,64.0,
2016-01-16,0.0,55,65.0,44.0
2016-01-17,0.0,60,67.0,50.0
2016-01-18,0.39,55,64.0,
2016-01-19,0.08,52,,
2016-01-20,0.0,49,59.0,
2016-01-21,0.04,53,62.0,42.0
2016-01-22,0.08,54,63.0,
2016-01-23,0.2,51,61.0,
2016-01-24,0.0,46,53.0,
2016-01-25,0.0,40,47.0,34.0
2016-01-26,0.0,42,50.0,34.0
2016-01-27,0.0,44,,35.0
2016-01-28,0.0,47,58.0,35.0
2016-01-29,0.0,53,63.0,44.0
2016-01-30,0.01,54,65.0,43.0
2016-01-31,0.0,54,65.0,
2016-02-01,0.01,55,66.0,46.0
2016-02-02,0.01,58,70.0,47.0
2016-02-03,0.0,56,,46.0
2016-02-04,0.0,57,67.0,
2016-02-05,0.0,60,,50.0
2016-02-06,0.24,54,,
2016-02-07,0.0,51,,42.0
2016-02-08,0.0,50,,
2016-02-09,0.0,52,62.0,
2016-02-10,0.0,53,63.0,
2016-02-11,0.0,56,63.0,43.0
2016-02-12,0.0,59,,
2016-02-13,0.02,57,,
2016-02-14,0.01,59,66.0,49.0
2016-02-15,0.01,59,,53.0
2016-02-16,0.0,64,77.0,50.0
2016-02-17,0.0,68,79.0,
2016-02-18,0.0,64,78.0,
2016-02-19,0.0,62,72.0,49.0
2016-02-20,0.0,62,72.0,51.0
2016-02-21,0.24,55,,50.0
2016-02-22,0.02,57,63.0,52.0
2016-02-23,0.0,59,70.0,
2016-02-24,0.0,56,,44.0
2016-02-25,0.0,58,67.0,48.0
2016-02-26,0.01,62,74.0,53.0
2016-02-27,0.0,61,74.0,49.0
2016-02-28,0.01,58,69.0,49.0
2016-02-29,0.02,62,,50.0
2016-03-01,0.0,66,,55.0
2016-03-02,0.0,66,74.0,56.0
2016-03-03,0.01,64,70.0,
2016-03-04,0.08,60,,53.0
2016-03-05,0.04,60,,
2016-03-06,0.0,57,68.0,46.0
2016-03-07,0.0,59,71.0,46.0
2016-03-08,0.0,64,74.0,55.0
2016-03-09,0.0,65,74.0,
2016-03-10,0.0,61,71.0,
2016-03-11,0.0,59,70.0,46.0
2016-03-12,0.0,59,69.0,48.0
2016-03-13,0.0,65,75.0,53.0
2016-03-14,0.24,63,,
2016-03-15,0.05,60,67.0,55.0
2016-03-16,0.08,58,66.0,47.0
2016-03-17,0.0,55,65.0,44.0
2016-03-18,0.0,57,67.0,46.0
2016-03-19,0.0,56,65.0,46.0
2016-03-20,0.0,61,72.0,48.0
2016-03-21,0.0,60,69.0,48.0
2016-03-22,0.0,60,,48.0
2016-03-23,0.0,61,68.0,47.0
2016-03-24,0.0,65,,55.0
2016-03-25,0.0,61,72.0,50.0
2016-03-26,0.0,60,,
2016-03-27,0.0,58,70.0,44.0
2016-03-28,0.01,58,69.0,
2016-03-29,0.02,58,,
2016-03-30,0.0,59,68.0,
2016-03-31,0.0,61,72.0,48.0
2016-04-01,0.0,61,70.0,49.0
2016-04-02,0.0,64,76.0,52.0
2016-04-03,0.0,68,,53.0
2016-04-04,0.0,67,74.0,
2016-04-05,0.0,67,,54.0
2016-04-06,0.0,71,81.0,57.0
2016-04-07,0.0,66,75.0,55.0
2016-04-08,0.0,67,,
2016-04-09,0.0,72,,63.0
2016-04-10,0.01,69,,
2016-04-11,0.0,65,,55.0
2016-04-12,0.0,59,69.0,
2016-04-13,0.06,63,72.0,52.0
2016-04-14,0.01,65,76.0,53.0
2016-04-15,0.01,66,79.0,55.0
2016-04-16,0.0,68,79.0,57.0
2016-04-17,0.01,67,76.0,
2016-04-18,0.01,67,75.0,55.0
2016-04-19,0.0,71,83.0,56.0
2016-04-20,0.0,76,,62.0
2016-04-21,0.0,75,87.0,
2016-04-22,0.0,71,80.0,
2016-04-23,0.0,71,84.0,
2016-04-24,0.0,68,76.0,59.0
2016-04-25,0.0,70,82.0,61.0
2016-04-26,0.0,68,76.0,58.0
2016-04-27,0.0,69,77.0,61.0
2016-04-28,0.0,67,78.0,56.0
2016-04-29,0.01,67,76.0,
2016-04-30,0.0,70,79.0,60.0
2016-05-01,0.0,74,85.0,63.0
2016-05-02,0.0,74,81.0,68.0
2016-05-03,0.0,71,80.0,
2016-05-04,0.0,68,76.0,62.0
2016-05-05,0.0,67,76.0,60.0
2016-05-06,0.0,67,75.0,59.0
2016-05-07,0.01,65,76.0,
2016-05-08,0.01,66,,55.0
2016-05-09,0.0,69,76.0,
2016-05-10,0.0,71,81.0,
2016-05-11,0.0,70,81.0,60.0
2016-05-12,0.0,70,78.0,60.0
2016-05-13,0.0,72,,63.0
2016-05-14,0.0,75,87.0,68.0
2016-05-15,0.0,81,97.0,
2016-05-16,0.0,80,87.0,
2016-05-17,0.0,74,84.0,
2016-05-18,0.0,70,81.0,59.0
2016-05-19,0.0,71,,60.0
2016-05-20,0.0,69,78.0,60.0
2016-05-21,0.0,70,79.0,
2016-05-22,0.0,72,82.0,
2016-05-23,0.0,70,78.0,
2016-05-24,0.0,71,84.0,58.0
2016-05-25,0.0,70,78.0,
2016-05-26,0.0,72,81.0,
2016-05-27,0.0,69,75.0,62.0
2016-05-28,0.02,69,,60.0
2016-05-29,0.0,71,81.0,61.0
2016-05-30,0.0,73,84.0,62.0
2016-05-31,0.0,74,85.0,62.0
2016-06-01,0.0,75,84.0,63.0
2016-06-02,0.0,75,84.0,66.0
2016-06-03,0.0,76,86.0,
2016-06-04,0.0,80,94.0,68.0
2016-06-05,0.0,76,83.0,65.0
2016-06-06,0.0,76,86.0,66.0
2016-06-07,0.0,76,85.0,63.0
2016-06-08,0.0,76,85.0,66.0
2016-06-09,0.0,75,82.0,68.0
2016-06-10,0.0,74,81.0,65.0
2016-06-11,0.0,74,,
2016-06-12,0.0,75,84.0,
2016-06-13,0.0,78,87.0,65.0
2016-06-14,0.0,77,87.0,
2016-06-15,0.0,80,92.0,
2016-06-16,0.0,80,,
2016-06-17,0.0,84,93.0,
2016-06-18,0.0,86,97.0,73.0
2016-06-19,0.0,89,98.0,
2016-06-20,0.0,90,100.0,79.0
2016-06-21,0.0,89,97.0,77.0
2016-06-22,0.0,86,,78.0
2016-06-23,0.0,84,,76.0
2016-06-24,0.01,85,93.0,74.0
2016-06-25,0.0,85,96.0,78.0
2016-06-26,0.0,85,,
2016-06-27,0.0,83,94.0,
2016-06-28,0.0,80,88.0,71.0
2016-06-29,0.0,81,87.0,73.0
2016-06-30,0.0,80,,
2016-07-01,0.0,81,90.0,70.0
2016-07-02,0.0,83,93.0,74.0
2016-07-03,0.0,83,92.0,
2016-07-04,0.01,83,92.0,72.0
2016-07-05,0.0,84,92.0,
2016-07-06,0.0,85,95.0,75.0
2016-07-07,0.0,83,93.0,73.0
2016-07-08,0.0,82,88.0,72.0
2016-07-09,0.0,84,90.0,
2016-07-10,0.0,84,95.0,
2016-07-11,0.0,85,,74.0
2016-07-12,0.0,85,,74.0
2016-07-13,0.0,85,95.0,
2016-07-14,0.0,86,98.0,73.0
2016-07-15,0.0,84,91.0,
2016-07-16,0.0,83,93.0,72.0
2016-07-17,0.0,85,92.0,76.0
2016-07-18,0.0,83,94.0,
2016-07-19,0.0,81,88.0,73.0
2016-07-20,0.0,82,89.0,75.0
2016-07-21,0.0,82,90.0,76.0
2016-07-22,0.0,82,,
2016-07-23,0.0,83,91.0,73.0
2016-07-24,0.0,84,93.0,75.0
2016-07-25,0.0,86,94.0,76.0
2016-07-26,0.0,83,92.0,
2016-07-27,0.0,84,95.0,73.0
2016-07-28,0.0,84,93.0,
2016-07-29,0.0,85,94.0,
2016-07-30,0.0,86,95.0,76.0
2016-07-31,0.0,85,94.0,
2016-08-01,0.0,86,96.0,74.0
2016-08-02,0.0,86,95.0,77.0
2016-08-03,0.0,85,95.0,
2016-08-04,0.0,85,94.0,77.0
2016-08-05,0.0,83,91.0,
2016-08-06,0.0,83,,75.0
2016-08-07,0.0,84,,75.0
2016-08-08,0.0,86,,76.0
2016-08-09,0.0,86,98.0,
2016-08-10,0.0,86,97.0,
2016-08-11,0.0,83,92.0,
2016-08-12,0.0,82,90.0,75.0
2016-08-13,0.0,83,90.0,75.0
2016-08-14,0.0,85,92.0,
2016-08-15,0.0,83,,77.0
2016-08-16,0.0,81,90.0,
2016-08-17,0.0,82,90.0,
2016-08-18,0.0,82,94.0,70.0
2016-08-19,0.01,82,92.0,
2016-08-20,0.0,81,91.0,71.0
2016-08-21,0.0,82,92.0,71.0
2016-08-22,0.0,83,92.0,73.0
2016-08-23,0.0,83,92.0,72.0
2016-08-24,0.0,84,,73.0
2016-08-25,0.0,84,,73.0
2016-08-26,0.0,84,,
2016-08-27,0.0,83,90.0,75.0
2016-08-28,0.0,83,90.0,
2016-08-29,0.0,83,89.0,75.0
2016-08-30,0.0,82,89.0,75.0
2016-08-31,0.0,81,90.0,72.0
2016-09-01,0.0,82,89.0,73.0
2016-09-02,0.0,83,,73.0
2016-09-03,0.0,82,88.0,75.0
2016-09-04,0.0,80,89.0,71.0
2016-09-05,0.0,81,88.0,
2016-09-06,0.0,81,88.0,71.0
2016-09-07,0.0,82,90.0,
2016-09-08,0.0,80,88.0,71.0
2016-09-09,0.0,80,90.0,70.0
2016-09-10,0.0,81,91.0,69.0
2016-09-11,0.0,83,92.0,70.0
2016-09-12,0.0,81,90.0,75.0
2016-09-13,0.0,80,,70.0
2016-09-14,0.0,80,88.0,
2016-09-15,0.0,79,88.0,
2016-09-16,0.0,80,87.0,
2016-09-17,0.0,82,92.0,
2016-09-18,0.0,81,91.0,
2016-09-19,0.0,79,,67.0
2016-09-20,0.0,83,89.0,71.0
2016-09-21,0.02,80,88.0,
2016-09-22,0.0,78,88.0,
2016-09-23,0.0,78,89.0,
2016-09-24,0.0,74,,
2016-09-25,0.0,75,,64.0
2016-09-26,0.0,75,,65.0
2016-09-27,0.0,75,83.0,66.0
2016-09-28,0.0,75,,67.0
2016-09-29,0.0,77,,
2016-09-30,0.0,77,86.0,67.0
2016-10-01,0.0,76,85.0,
2016-10-02,,78,,
2016-10-03,0.0,80,91.0,67.0
2016-10-04,0.0,78,88.0,
2016-10-05,0.0,75,85.0,64.0
2016-10-06,0.0,75,83.0,66.0
2016-10-07,0.0,76,83.0,68.0
2016-10-08,0.0,75,83.0,66.0
2016-10-09,0.0,76,83.0,66.0
2016-10-10,0.0,76,83.0,67.0
2016-10-11,0.0,73,,66.0
2016-10-12,0.0,74,,
2016-10-13,0.0,75,86.0,64.0
2016-10-14,0.0,76,,
2016-10-15,0.0,73,83.0,
2016-10-16,0.0,74,,65.0
2016-10-17,0.0,75,85.0,
2016-10-18,0.0,72,83.0,
2016-10-19,0.0,72,81.0,63.0
2016-10-20,0.0,72,,63.0
2016-10-21,0.0,72,,63.0
2016-10-22,0.0,72,81.0,
2016-10-23,0.0,72,81.0,
2016-10-24,0.0,72,81.0,62.0
2016-10-25,0.0,73,85.0,64.0
2016-10-26,0.0,71,81.0,
2016-10-27,0.0,72,83.0,58.0
2016-10-28,0.0,75,,67.0
2016-10-29,0.0,73,81.0,65.0
2016-10-30,0.0,73,86.0,62.0
2016-10-31,0.0,73,,61.0
2016-11-01,0.94,67,74.0,
2016-11-02,0.0,61,71.0,
2016-11-03,0.0,62,,50.0
2016-11-04,0.0,64,,55.0
2016-11-05,0.0,66,74.0,57.0
2016-11-06,0.0,67,75.0,57.0
2016-11-07,0.0,66,76.0,
2016-11-08,0.0,67,76.0,57.0
2016-11-09,0.0,70,80.0,61.0
2016-11-10,0.0,71,,
2016-11-11,0.0,69,76.0,60.0
2016-11-12,0.0,67,,59.0
2016-11-13,0.0,66,76.0,58.0
2016-11-14,0.0,68,,58.0
2016-11-15,0.0,68,,
2016-11-16,0.0,64,76.0,
2016-11-17,0.0,58,67.0,49.0
2016-11-18,0.0,61,70.0,51.0
2016-11-19,0.0,65,74.0,58.0
2016-11-20,0.0,67,,
2016-11-21,0.0,65,74.0,
2016-11-22,0.0,65,,
2016-11-23,0.0,62,,
2016-11-24,0.0,61,,53.0
2016-11-25,0.0,59,,
2016-11-26,0.0,59,71.0,49.0
2016-11-27,0.0,58,70.0,
2016-11-28,0.0,59,70.0,47.0
2016-11-29,0.01,63,70.0,53.0
2016-11-30,0.1,62,71.0,
2016-12-01,0.44,56,,
2016-12-02,0.53,56,63.0,
2016-12-03,0.0,58,69.0,46.0
2016-12-04,0.0,59,,49.0
2016-12-05,0.0,59,68.0,
2016-12-06,0.03,57,67.0,
2016-12-07,0.0,57,68.0,48.0
2016-12-08,0.0,55,62.0,
2016-12-09,0.0,53,63.0,43.0
2016-12-10,0.0,56,67.0,
2016-12-11,0.0,58,68.0,
2016-12-12,0.01,57,,
2016-12-13,0.25,60,71.0,52.0
2016-12-14,0.09,49,60.0,
2016-12-15,0.0,47,57.0,35.0
2016-12-16,0.0,51,,44.0
2016-12-17,0.0,49,52.0,
2016-12-18,0.35,47,,
2016-12-19,0.0,45,55.0,
2016-12-20,0.01,49,,37.0
2016-12-21,0.0,51,61.0,44.0
2016-12-22,0.46,51,55.0,
2016-12-23,0.5,52,60.0,48.0
2016-12-24,0.27,52,58.0,47.0
2016-12-25,0.1,52,,
2016-12-26,0.01,52,,44.0
2016-12-27,0.12,51,60.0,
2016-12-28,0.0,54,62.0,41.0
2016-12-29,0.2,57,63.0,
2016-12-30,0.38,54,61.0,
2016-12-31,0.73,51,62.0,
2017-01-01,0.0,49,60.0,40.0
2017-01-02,0.48,51,61.0,
2017-01-03,0.02,49,61.0,
2017-01-04,0.01,50,62.0,41.0
2017-01-05,0.01,56,65.0,45.0
2017-01-06,0.01,55,,46.0
2017-01-07,0.01,55,65.0,46.0
2017-01-08,0.24,51,56.0,
2017-01-09,0.21,47,59.0,
2017-01-10,0.0,54,,39.0
2017-01-11,0.2,52,,42.0
2017-01-12,0.0,53,63.0,44.0
2017-01-13,0.0,52,,
2017-01-14,0.0,52,,42.0
2017-01-15,0.0,54,62.0,46.0
2017-01-16,0.0,53,62.0,45.0
2017-01-17,0.0,54,63.0,48.0
2017-01-18,0.01,55,65.0,47.0
2017-01-19,0.0,55,65.0,46.0
2017-01-20,0.0,55,64.0,46.0
2017-01-21,0.0,51,61.0,
2017-01-22,0.0,50,61.0,
2017-01-23,0.0,51,62.0,
2017-01-24,0.0,55,63.0,
2017-01-25,0.0,57,67.0,
2017-01-26,0.0,53,65.0,40.0
2017-01-27,0.0,44,55.0,
2017-01-28,0.02,42,50.0,33.0
2017-01-29,0.0,45,55.0,
2017-01-30,0.0,46,55.0,37.0
2017-01-31,0.0,47,55.0,
2017-02-01,0.0,43,54.0,32.0
2017-02-02,0.0,47,60.0,
2017-02-03,0.0,51,62.0,
2017-02-04,0.0,51,61.0,
2017-02-05,0.0,54,,44.0
2017-02-06,0.0,56,65.0,45.0
2017-02-07,0.01,58,67.0,
2017-02-08,0.0,60,67.0,
2017-02-09,0.0,58,,
2017-02-10,0.02,56,65.0,
2017-02-11,0.0,54,,46.0
2017-02-12,0.0,56,65.0,48.0
2017-02-13,0.0,53,,45.0
2017-02-14,0.0,49,54.0,
2017-02-15,0.0,48,58.0,35.0
2017-02-16,0.0,47,,
2017-02-17,0.01,46,,36.0
2017-02-18,0.0,49,,
2017-02-19,0.0,52,63.0,41.0
2017-02-20,0.0,53,65.0,42.0
2017-02-21,0.0,55,65.0,43.0
2017-02-22,0.0,57,65.0,32.0
2017-02-23,0.0,57,67.0,
2017-02-24,0.0,57,,
2017-02-25,0.0,56,,45.0
2017-02-26,0.0,57,67.0,45.0
2017-02-27,0.01,58,,48.0
2017-02-28,0.0,64,70.0,55.0
2017-03-01,0.0,63,75.0,
2017-03-02,0.0,60,,51.0
2017-03-03,0.09,54,63.0,45.0
2017-03-04,0.0,57,,44.0
2017-03-05,0.0,57,69.0,47.0
2017-03-06,0.0,59,71.0,47.0
2017-03-07,0.0,61,72.0,
2017-03-08,0.0,57,67.0,
2017-03-09,0.0,63,71.0,49.0
2017-03-10,0.02,61,71.0,
2017-03-11,0.47,58,64.0,49.0
2017-03-12,0.06,62,,
2017-03-13,0.07,58,69.0,
2017-03-14,0.0,57,68.0,
2017-03-15,0.0,52,63.0,43.0
2017-03-16,0.01,54,65.0,
2017-03-17,0.05,56,65.0,45.0
2017-03-18,0.0,55,65.0,46.0
2017-03-19,0.0,57,,45.0
2017-03-20,0.0,58,70.0,
2017-03-21,0.01,60,70.0,
2017-03-22,0.0,59,,51.0
2017-03-23,0.0,60,70.0,
2017-03-24,0.0,61,72.0,
2017-03-25,0.0,60,72.0,46.0
2017-03-26,0.0,60,71.0,
2017-03-27,0.0,60,69.0,53.0
2017-03-28,0.0,60,68.0,51.0
2017-03-29,0.01,61,,
2017-03-30,0.0,65,74.0,54.0
2017-03-31,0.0,60,69.0,
2017-04-01,0.31,58,,
2017-04-02,0.0,59,67.0,51.0
2017-04-03,0.46,62,,
2017-04-04,0.01,63,70.0,
2017-04-05,0.0,69,78.0,58.0
2017-04-06,0.0,65,,55.0
2017-04-07,0.0,63,,51.0
2017-04-08,0.0,62,68.0,54.0
2017-04-09,0.0,61,,48.0
2017-04-10,0.0,61,70.0,48.0
2017-04-11,0.0,66,72.0,54.0
2017-04-12,0.0,67,72.0,
2017-04-13,0.31,64,69.0,59.0
2017-04-14,0.01,65,72.0,
2017-04-15,0.0,63,70.0,54.0
2017-04-16,0.11,62,71.0,
2017-04-17,0.01,63,70.0,
2017-04-18,0.0,64,73.0,54.0
2017-04-19,0.01,64,74.0,54.0
2017-04-20,0.0,63,72.0,54.0
2017-04-21,0.01,65,72.0,55.0
2017-04-22,0.0,70,,
2017-04-23,0.0,65,74.0,
2017-04-24,0.0,62,71.0,49.0
2017-04-25,0.0,63,72.0,52.0
2017-04-26,0.0,68,,53.0
2017-04-27,0.0,73,83.0,59.0
2017-04-28,0.0,71,,
2017-04-29,0.0,69,,57.0
2017-04-30,0.0,70,,59.0
2017-05-01,0.0,69,80.0,59.0
2017-05-02,0.0,68,76.0,58.0
2017-05-03,0.0,68,77.0,58.0
2017-05-04,0.0,68,76.0,58.0
2017-05-05,0.0,69,78.0,60.0
2017-05-06,0.01,69,77.0,
2017-05-07,0.0,70,,60.0
2017-05-08,0.0,71,80.0,59.0
2017-05-09,,71,81.0,
2017-05-10,0.0,76,94.0,
2017-05-11,0.0,72,,58.0
2017-05-12,0.0,72,,61.0
2017-05-13,0.0,73,85.0,61.0
2017-05-14,0.0,74,,64.0
2017-05-15,0.0,76,85.0,66.0
2017-05-16,0.0,76,85.0,67.0
2017-05-17,0.0,75,84.0,63.0
2017-05-18,0.0,71,80.0,
2017-05-19,0.11,73,86.0,61.0
2017-05-20,0.01,70,,
2017-05-21,0.0,69,,56.0
2017-05-22,0.0,69,,62.0
2017-05-23,0.03,67,76.0,
2017-05-24,0.94,69,78.0,58.0
2017-05-25,0.0,70,78.0,58.0
2017-05-26,0.0,70,78.0,59.0
2017-05-27,0.0,71,80.0,
2017-05-28,0.0,72,80.0,
2017-05-29,0.0,71,79.0,
2017-05-30,0.0,72,80.0,62.0
2017-05-31,0.0,73,83.0,63.0
2017-06-01,0.0,74,,
2017-06-02,0.0,76,85.0,67.0
2017-06-03,0.0,77,87.0,
2017-06-04,0.01,78,86.0,66.0
2017-06-05,0.0,76,86.0,66.0
2017-06-06,0.0,75,85.0,65.0
2017-06-07,0.0,76,84.0,
2017-06-08,0.0,81,92.0,69.0
2017-06-09,0.0,79,93.0,
2017-06-10,0.0,77,85.0,67.0
2017-06-11,0.01,75,81.0,
2017-06-12,0.0,76,85.0,67.0
2017-06-13,0.01,76,83.0,
2017-06-14,0.0,76,,66.0
2017-06-15,0.0,77,86.0,
2017-06-16,0.0,79,87.0,67.0
2017-06-17,0.0,78,87.0,69.0
2017-06-18,0.0,79,,
2017-06-19,0.0,77,86.0,68.0
2017-06-20,0.05,75,84.0,62.0
2017-06-21,0.0,75,82.0,67.0
2017-06-22,0.0,78,89.0,68.0
2017-06-23,0.0,80,88.0,
2017-06-24,0.0,82,90.0,
2017-06-25,0.0,83,94.0,71.0
2017-06-26,0.0,85,94.0,72.0
2017-06-27,0.0,82,92.0,
2017-06-28,0.0,80,,
2017-06-29,0.01,81,88.0,70.0
2017-06-30,0.0,82,,
2017-07-01,0.01,88,,75.0
2017-07-02,0.0,90,101.0,
2017-07-03,0.0,86,95.0,75.0
2017-07-04,0.0,86,98.0,
2017-07-05,0.0,83,92.0,
2017-07-06,0.0,81,89.0,72.0
2017-07-07,0.0,84,,73.0
2017-07-08,0.0,83,90.0,72.0
2017-07-09,0.0,86,95.0,76.0
2017-07-10,0.0,86,,73.0
2017-07-11,0.0,87,96.0,73.0
2017-07-12,0.0,84,,
2017-07-13,0.0,84,94.0,
2017-07-14,0.01,85,92.0,
2017-07-15,0.0,84,,
2017-07-16,0.0,83,92.0,74.0
2017-07-17,0.0,83,91.0,73.0
2017-07-18,0.0,86,99.0,
2017-07-19,0.0,85,98.0,
2017-07-20,0.0,81,90.0,71.0
2017-07-21,0.0,81,88.0,73.0
2017-07-22,0.0,82,89.0,
2017-07-23,0.0,83,,74.0
2017-07-24,0.0,86,96.0,77.0
2017-07-25,0.0,86,97.0,78.0
2017-07-26,0.0,86,96.0,
2017-07-27,0.0,88,100.0,
2017-07-28,0.0,84,94.0,
2017-07-29,0.0,83,92.0,73.0
2017-07-30,0.0,85,,75.0
2017-07-31,0.0,85,,74.0
2017-08-01,0.01,86,97.0,73.0
2017-08-02,0.0,84,94.0,73.0
2017-08-03,0.0,83,92.0,72.0
2017-08-04,0.0,83,90.0,73.0
2017-08-05,0.0,82,90.0,
2017-08-06,0.0,83,90.0,75.0
2017-08-07,0.0,83,,75.0
2017-08-08,0.0,86,,76.0
2017-08-09,0.0,85,95.0,74.0
2017-08-10,0.0,83,91.0,73.0
2017-08-11,,84,,
2017-08-12,0.0,84,90.0,
2017-08-13,0.0,84,,
2017-08-14,0.0,84,92.0,
2017-08-15,0.0,85,,76.0
2017-08-16,0.0,82,92.0,71.0
2017-08-17,0.0,82,90.0,72.0
2017-08-18,0.0,83,90.0,75.0
2017-08-19,0.0,83,91.0,74.0
2017-08-20,0.0,83,92.0,
2017-08-21,0.0,82,91.0,71.0
2017-08-22,0.0,83,92.0,73.0
2017-08-23,0.0,83,90.0,73.0
2017-08-24,0.0,85,92.0,
2017-08-25,0.0,85,95.0,75.0
2017-08-26,0.0,88,98.0,77.0
2017-08-27,0.0,84,94.0,72.0
2017-08-28,0.0,82,,71.0
2017-08-29,0.0,81,,71.0
2017-08-30,0.0,80,90.0,
2017-08-31,0.0,81,90.0,71.0
2017-09-01,0.0,83,90.0,74.0
2017-09-02,0.0,83,94.0,72.0
2017-09-03,0.0,83,92.0,71.0
2017-09-04,0.0,85,96.0,
2017-09-05,0.0,83,94.0,73.0
2017-09-06,0.0,81,91.0,71.0
2017-09-07,0.0,81,,
2017-09-08,0.0,81,90.0,71.0
2017-09-09,0.0,82,92.0,70.0
2017-09-10,0.0,80,90.0,69.0
2017-09-11,0.0,80,88.0,69.0
2017-09-12,0.0,81,93.0,70.0
2017-09-13,0.0,81,,
2017-09-14,0.0,81,89.0,
2017-09-15,0.0,81,88.0,71.0
2017-09-16,0.0,80,88.0,
2017-09-17,0.0,81,88.0,73.0
2017-09-18,0.0,81,87.0,73.0
2017-09-19,0.0,80,87.0,71.0
2017-09-20,0.0,80,88.0,71.0
2017-09-21,0.0,80,,
2017-09-22,0.0,80,92.0,
2017-09-23,0.0,76,84.0,62.0
2017-09-24,0.0,77,85.0,69.0
2017-09-25,0.0,78,,69.0
2017-09-26,0.0,78,87.0,
2017-09-27,0.0,77,85.0,67.0
2017-09-28,0.0,77,84.0,68.0
2017-09-29,0.0,76,,68.0
2017-09-30,0.0,76,86.0,
2017-10-01,0.0,75,,
2017-10-02,0.0,77,,
2017-10-03,0.0,77,,
2017-10-04,0.0,76,85.0,
2017-10-05,0.0,75,83.0,
2017-10-06,0.0,74,83.0,63.0
2017-10-07,0.0,74,,
2017-10-08,0.0,73,83.0,64.0
2017-10-09,0.07,72,82.0,
2017-10-10,0.0,71,83.0,60.0
2017-10-11,0.01,71,,62.0
2017-10-12,0.0,73,,62.0
2017-10-13,0.0,74,82.0,64.0
2017-10-14,0.0,74,,65.0
2017-10-15,0.0,72,,
2017-10-16,0.0,74,,64.0
2017-10-17,0.0,75,,65.0
2017-10-18,0.0,74,86.0,
2017-10-19,0.0,72,85.0,60.0
2017-10-20,0.0,74,87.0,
2017-10-21,0.0,71,,61.0
2017-10-22,0.0,70,79.0,
2017-10-23,0.0,70,79.0,61.0
2017-10-24,0.0,71,80.0,
2017-10-25,0.0,70,,63.0
2017-10-26,0.06,71,82.0,62.0
2017-10-27,0.0,72,83.0,63.0
2017-10-28,0.01,69,81.0,59.0
2017-10-29,0.12,69,79.0,60.0
2017-10-30,0.26,69,,57.0
2017-10-31,0.0,69,78.0,58.0
2017-11-01,0.0,66,78.0,55.0
2017-11-02,0.0,67,77.0,58.0
2017-11-03,0.0,67,76.0,
2017-11-04,0.0,65,75.0,
2017-11-05,0.26,64,,55.0
2017-11-06,0.62,64,74.0,52.0
2017-11-07,0.0,66,75.0,55.0
2017-11-08,0.0,67,,
2017-11-09,0.0,66,76.0,57.0
2017-11-10,0.01,65,76.0,
2017-11-11,0.0,65,74.0,57.0
2017-11-12,0.0,65,74.0,54.0
2017-11-13,0.0,69,,
2017-11-14,0.0,68,76.0,60.0
2017-11-15,0.0,67,76.0,58.0
2017-11-16,0.0,67,,57.0
2017-11-17,0.0,68,79.0,58.0
2017-11-18,0.0,69,77.0,
2017-11-19,0.0,65,77.0,
2017-11-20,0.03,62,,55.0
2017-11-21,0.2,60,,
2017-11-22,0.0,54,,
2017-11-23,0.0,57,68.0,47.0
2017-11-24,0.0,60,70.0,49.0
2017-11-25,0.0,59,67.0,
2017-11-26,0.46,62,69.0,
2017-11-27,0.0,64,,55.0
2017-11-28,0.01,62,74.0,
2017-11-29,0.86,60,70.0,
2017-11-30,0.0,59,72.0,
2017-12-01,0.0,60,69.0,51.0
2017-12-02,0.0,62,,55.0
2017-12-03,0.01,61,,53.0
2017-12-04,0.01,60,70.0,
2017-12-05,0.0,62,70.0,
2017-12-06,0.0,52,62.0,
2017-12-07,0.02,51,60.0,
2017-12-08,0.0,53,63.0,43.0
2017-12-09,0.0,55,66.0,
2017-12-10,0.0,57,66.0,49.0
2017-12-11,0.0,59,68.0,49.0
2017-12-12,0.0,61,70.0,
2017-12-13,0.0,60,,
2017-12-14,0.0,59,70.0,45.0
2017-12-15,0.0,62,71.0,51.0
2017-12-16,0.0,60,,
2017-12-17,0.0,61,69.0,55.0
2017-12-18,0.01,63,71.0,55.0
2017-12-19,0.0,63,69.0,
2017-12-20,0.0,62,69.0,
2017-12-21,0.0,62,70.0,56.0
2017-12-22,0.0,63,67.0,57.0
2017-12-23,0.0,64,70.0,
2017-12-24,0.07,55,65.0,
2017-12-25,0.0,54,65.0,
2017-12-26,0.0,55,,46.0
2017-12-27,,57,68.0,
2017-12-28,0.0,60,70.0,51.0
2017-12-29,0.01,60,69.0,50.0
2017-12-30,0.0,56,,47.0
2017-12-31,0.35,56,66.0,
2018-01-01,0.06,57,67.0,
2018-01-02,0.0,57,70.0,43.0
2018-01-03,0.09,60,68.0,50.0
2018-01-04,0.44,56,,50.0
2018-01-05,0.86,57,,49.0
2018-01-06,0.0,56,67.0,
2018-01-07,0.0,56,67.0,47.0
2018-01-08,0.0,57,,49.0
2018-01-09,0.0,57,66.0,48.0
2018-01-10,0.02,58,69.0,50.0
2018-01-11,0.0,60,68.0,
2018-01-12,0.01,58,69.0,47.0
2018-01-13,0.01,58,67.0,49.0
2018-01-14,0.06,55,64.0,47.0
2018-01-15,0.01,56,66.0,47.0
2018-01-16,0.0,55,64.0,46.0
2018-01-17,0.0,55,65.0,
2018-01-18,0.17,57,,
2018-01-19,0.37,51,61.0,
2018-01-20,0.0,52,63.0,42.0
2018-01-21,0.0,58,65.0,48.0
2018-01-22,0.0,61,66.0,
2018-01-23,0.97,58,67.0,52.0
2018-01-24,0.3,56,63.0,50.0
2018-01-25,0.19,52,61.0,
2018-01-26,0.3,52,60.0,44.0
2018-01-27,0.0,51,,44.0
2018-01-28,0.0,53,61.0,42.0
2018-01-29,0.0,52,62.0,44.0
2018-01-30,0.0,53,64.0,43.0
2018-01-31,0.0,54,65.0,46.0
2018-02-01,0.02,55,,46.0
2018-02-02,0.01,56,,48.0
2018-02-03,0.0,57,,50.0
2018-02-04,0.0,57,65.0,50.0
2018-02-05,0.0,58,,51.0
2018-02-06,0.02,60,,
2018-02-07,0.01,60,71.0,50.0
2018-02-08,0.0,60,69.0,51.0
2018-02-09,0.0,61,,51.0
2018-02-10,0.0,62,,55.0
2018-02-11,0.0,61,67.0,
2018-02-12,0.0,57,64.0,
2018-02-13,0.0,56,69.0,44.0
2018-02-14,0.0,56,,44.0
2018-02-15,0.01,58,,49.0
2018-02-16,0.0,63,,
2018-02-17,,58,,
2018-02-18,,61,71.0,
2018-02-19,,56,,
2018-02-20,,58,66.0,
2018-02-21,0.01,57,68.0,
2018-02-22,0.0,56,64.0,50.0
2018-02-23,0.01,56,67.0,
2018-02-24,0.02,57,,48.0
2018-02-25,0.17,59,68.0,52.0
2018-02-26,0.0,56,61.0,51.0
2018-02-27,0.31,59,67.0,48.0
2018-02-28,0.0,58,67.0,
2018-03-01,0.0,60,,
2018-03-02,0.0,57,66.0,46.0
2018-03-03,0.01,58,67.0,48.0
2018-03-04,0.01,60,69.0,
2018-03-05,0.0,63,,55.0
2018-03-06,0.0,65,,57.0
2018-03-07,0.01,61,69.0,52.0
2018-03-08,0.0,63,72.0,54.0
2018-03-09,0.0,63,73.0,53.0
2018-03-10,0.0,59,,
2018-03-11,0.01,60,70.0,
2018-03-12,0.01,60,,48.0
2018-03-13,0.0,60,69.0,
2018-03-14,0.0,61,71.0,51.0
2018-03-15,0.0,59,70.0,
2018-03-16,0.0,60,72.0,47.0
2018-03-17,0.0,60,,49.0
2018-03-18,0.01,61,70.0,
2018-03-19,0.0,65,75.0,55.0
2018-03-20,0.0,63,72.0,
2018-03-21,0.0,62,73.0,49.0
2018-03-22,0.0,62,70.0,53.0
2018-03-23,0.0,67,78.0,
2018-03-24,0.0,64,72.0,58.0
2018-03-25,0.0,63,72.0,53.0
2018-03-26,0.0,62,72.0,
2018-03-27,0.0,65,76.0,53.0
2018-03-28,0.0,68,,59.0
2018-03-29,0.36,62,70.0,
2018-03-30,0.01,61,71.0,49.0
2018-03-31,0.0,61,70.0,
2018-04-01,0.0,64,72.0,55.0
2018-04-02,0.0,64,74.0,51.0
2018-04-03,0.0,66,,55.0
2018-04-04,0.0,66,78.0,56.0
2018-04-05,0.0,67,,53.0
2018-04-06,0.0,67,81.0,53.0
2018-04-07,0.0,66,77.0,53.0
2018-04-08,0.0,64,73.0,54.0
2018-04-09,0.01,62,,51.0
2018-04-10,0.0,62,,
2018-04-11,0.01,63,72.0,54.0
2018-04-12,0.0,65,,56.0
2018-04-13,0.0,67,,
2018-04-14,0.0,68,76.0,56.0
2018-04-15,0.01,69,79.0,60.0
2018-04-16,0.0,71,79.0,
2018-04-17,0.0,70,,55.0
2018-04-18,0.0,70,81.0,58.0
2018-04-19,0.0,71,84.0,58.0
2018-04-20,0.0,68,78.0,
2018-04-21,0.0,67,75.0,
2018-04-22,,67,76.0,
2018-04-23,0.0,68,80.0,55.0
2018-04-24,0.0,69,,56.0
2018-04-25,0.0,76,83.0,67.0
2018-04-26,0.0,75,84.0,
2018-04-27,0.0,72,78.0,64.0
2018-04-28,0.0,70,81.0,
2018-04-29,0.0,71,81.0,61.0
2018-04-30,0.01,71,78.0,66.0
2018-05-01,0.0,77,,65.0
2018-05-02,0.0,79,,70.0
2018-05-03,0.0,80,87.0,
2018-05-04,0.0,78,87.0,
2018-05-05,0.0,74,82.0,67.0
2018-05-06,0.0,72,78.0,
2018-05-07,0.0,72,79.0,
2018-05-08,0.85,67,76.0,60.0
2018-05-09,0.04,70,,
2018-05-10,0.0,70,,60.0
2018-05-11,0.0,72,,
2018-05-12,0.01,71,81.0,60.0
2018-05-13,0.12,70,79.0,62.0
2018-05-14,0.0,70,80.0,
2018-05-15,0.01,73,,60.0
2018-05-16,0.0,74,81.0,62.0
2018-05-17,0.0,79,90.0,64.0
2018-05-18,0.0,83,94.0,72.0
2018-05-19,0.0,85,,73.0
2018-05-20,0.0,82,,
2018-05-21,0.0,79,87.0,
2018-05-22,0.0,80,90.0,
2018-05-23,0.0,80,91.0,68.0
2018-05-24,0.0,78,90.0,
2018-05-25,0.0,76,83.0,70.0
2018-05-26,0.0,74,81.0,65.0
2018-05-27,0.0,75,81.0,65.0
2018-05-28,0.0,76,84.0,67.0
2018-05-29,0.0,76,85.0,
2018-05-30,0.0,75,83.0,65.0
2018-05-31,0.0,75,84.0,66.0
2018-06-01,0.0,74,81.0,
2018-06-02,0.0,75,83.0,67.0
2018-06-03,0.0,76,85.0,
2018-06-04,0.0,75,82.0,67.0
2018-06-05,0.01,78,87.0,66.0
2018-06-06,0.0,79,90.0,
2018-06-07,0.0,84,92.0,71.0
2018-06-08,0.0,83,93.0,
2018-06-09,0.01,82,,70.0
2018-06-10,0.0,81,92.0,71.0
2018-06-11,0.0,78,,71.0
2018-06-12,0.0,78,87.0,70.0
2018-06-13,0.0,78,86.0,70.0
2018-06-14,0.0,78,85.0,73.0
2018-06-15,0.0,79,87.0,
2018-06-16,0.0,78,86.0,69.0
2018-06-17,0.0,79,87.0,69.0
2018-06-18,0.0,77,85.0,
2018-06-19,0.01,78,,69.0
2018-06-20,0.0,78,86.0,69.0
2018-06-21,0.0,78,88.0,
2018-06-22,0.0,80,,69.0
2018-06-23,0.0,80,89.0,68.0
2018-06-24,0.0,80,,72.0
2018-06-25,0.0,80,88.0,
2018-06-26,0.0,81,89.0,71.0
2018-06-27,0.0,81,89.0,
2018-06-28,0.0,83,,
2018-06-29,0.0,80,88.0,72.0
2018-06-30,0.0,79,87.0,68.0
2018-07-01,0.0,79,,71.0
2018-07-02,0.0,80,88.0,70.0
2018-07-03,0.0,81,90.0,
2018-07-04,0.0,82,90.0,73.0
2018-07-05,0.01,86,99.0,73.0
2018-07-06,0.01,88,,75.0
2018-07-07,0.0,83,94.0,73.0
2018-07-08,0.0,81,91.0,
2018-07-09,0.0,81,,69.0
2018-07-10,0.0,83,93.0,74.0
2018-07-11,0.0,83,94.0,73.0
2018-07-12,0.0,81,90.0,71.0
2018-07-13,0.0,83,90.0,75.0
2018-07-14,0.01,83,93.0,
2018-07-15,0.0,84,92.0,76.0
2018-07-16,0.0,84,,74.0
2018-07-17,0.0,86,96.0,
2018-07-18,0.0,83,,
2018-07-19,0.0,82,,72.0
2018-07-20,0.0,82,89.0,75.0
2018-07-21,0.0,82,90.0,73.0
2018-07-22,0.0,85,,74.0
2018-07-23,0.0,87,,
2018-07-24,0.0,85,,73.0
2018-07-25,0.0,84,90.0,
2018-07-26,0.0,82,90.0,74.0
2018-07-27,0.0,82,92.0,74.0
2018-07-28,0.0,82,,
2018-07-29,0.0,82,91.0,73.0
2018-07-30,0.0,82,90.0,
2018-07-31,0.0,83,,73.0
2018-08-01,0.0,83,91.0,72.0
2018-08-02,0.0,84,93.0,75.0
2018-08-03,0.0,85,96.0,76.0
2018-08-04,0.0,84,92.0,76.0
2018-08-05,0.0,84,91.0,76.0
2018-08-06,0.0,83,,
2018-08-07,0.0,84,92.0,74.0
2018-08-08,0.0,87,96.0,76.0
2018-08-09,0.0,89,99.0,
2018-08-10,0.01,88,97.0,78.0
2018-08-11,0.0,87,95.0,77.0
2018-08-12,0.0,87,,76.0
2018-08-13,0.0,85,96.0,73.0
2018-08-14,0.0,84,,71.0
2018-08-15,0.0,84,96.0,71.0
2018-08-16,0.0,82,91.0,73.0
2018-08-17,0.0,84,92.0,75.0
2018-08-18,0.0,83,92.0,73.0
2018-08-19,0.0,83,90.0,76.0
2018-08-20,0.0,83,90.0,74.0
2018-08-21,0.0,84,91.0,77.0
2018-08-22,0.0,83,92.0,74.0
2018-08-23,0.0,85,93.0,
2018-08-24,0.0,84,,74.0
2018-08-25,0.0,84,93.0,
2018-08-26,0.0,83,,75.0
2018-08-27,0.0,83,91.0,
2018-08-28,0.0,83,91.0,74.0
2018-08-29,0.0,82,,74.0
2018-08-30,0.0,82,90.0,74.0
2018-08-31,0.0,83,90.0,
2018-09-01,0.0,83,93.0,73.0
2018-09-02,0.0,84,92.0,73.0
2018-09-03,0.0,84,97.0,74.0
2018-09-04,0.01,85,95.0,
2018-09-05,0.0,82,,69.0
2018-09-06,0.0,81,90.0,
2018-09-07,0.0,80,90.0,
2018-09-08,0.0,80,88.0,
2018-09-09,0.0,80,88.0,
2018-09-10,0.0,80,91.0,69.0
2018-09-11,0.0,80,88.0,71.0
2018-09-12,0.0,81,90.0,71.0
2018-09-13,0.0,81,92.0,
2018-09-14,0.0,79,88.0,68.0
2018-09-15,0.0,79,,
2018-09-16,0.0,81,89.0,70.0
2018-09-17,,82,,
2018-09-18,,85,94.0,
2018-09-19,0.0,84,94.0,
2018-09-20,0.0,81,91.0,70.0
2018-09-21,0.0,80,91.0,69.0
2018-09-22,0.0,81,92.0,
2018-09-23,0.0,80,90.0,
2018-09-24,0.0,79,88.0,68.0
2018-09-25,0.0,79,89.0,68.0
2018-09-26,0.0,78,86.0,69.0
2018-09-27,0.0,77,87.0,
2018-09-28,0.0,78,,67.0
2018-09-29,0.0,81,92.0,70.0
2018-09-30,0.0,83,,75.0
2018-10-01,0.0,80,88.0,71.0
2018-10-02,0.0,78,88.0,69.0
2018-10-03,0.0,78,87.0,69.0
2018-10-04,0.0,77,85.0,
2018-10-05,0.0,78,90.0,67.0
2018-10-06,0.0,79,,69.0
2018-10-07,0.0,78,,
2018-10-08,0.0,77,86.0,68.0
2018-10-09,0.0,75,85.0,
2018-10-10,0.0,76,85.0,66.0
2018-10-11,0.0,75,85.0,66.0
2018-10-12,0.0,75,,
2018-10-13,0.0,73,81.0,65.0
2018-10-14,0.01,74,84.0,
2018-10-15,0.0,75,83.0,68.0
2018-10-16,0.0,75,85.0,67.0
2018-10-17,0.0,75,83.0,68.0
2018-10-18,0.0,78,87.0,
2018-10-19,0.0,78,,70.0
2018-10-20,0.0,75,84.0,
2018-10-21,0.0,74,83.0,
2018-10-22,0.02,74,81.0,63.0
2018-10-23,0.0,77,85.0,
2018-10-24,0.0,76,86.0,
2018-10-25,0.84,69,79.0,
2018-10-26,0.02,64,,54.0
2018-10-27,0.0,66,75.0,56.0
2018-10-28,0.0,68,79.0,57.0
2018-10-29,0.0,69,81.0,59.0
2018-10-30,0.0,70,83.0,58.0
2018-10-31,0.0,71,,60.0
2018-11-01,0.0,69,,59.0
2018-11-02,0.0,71,84.0,59.0
2018-11-03,0.0,72,,64.0
2018-11-04,0.0,70,,
2018-11-05,0.11,68,,59.0
2018-11-06,0.0,67,76.0,57.0
2018-11-07,0.0,67,,58.0
2018-11-08,0.0,67,,59.0
2018-11-09,0.0,67,76.0,
2018-11-10,0.0,66,74.0,59.0
2018-11-11,0.06,65,74.0,
2018-11-12,0.0,65,77.0,
2018-11-13,0.0,65,74.0,55.0
2018-11-14,0.0,66,,
2018-11-15,0.0,61,,53.0
2018-11-16,0.01,61,71.0,
2018-11-17,0.0,62,,52.0
2018-11-18,0.0,65,,56.0
2018-11-19,0.0,67,75.0,
2018-11-20,0.0,66,74.0,
2018-11-21,0.0,67,74.0,58.0
2018-11-22,,63,77.0,
2018-11-23,0.05,62,,54.0
2018-11-24,0.12,61,69.0,
2018-11-25,0.09,62,,53.0
2018-11-26,0.0,62,72.0,51.0
2018-11-27,0.01,65,72.0,
2018-11-28,0.01,67,,59.0
2018-11-29,0.0,68,74.0,
2018-11-30,0.13,62,72.0,
2018-12-01,0.58,62,72.0,55.0
2018-12-02,0.0,62,,56.0
2018-12-03,0.02,64,,
2018-12-04,0.01,62,70.0,
2018-12-05,1.63,61,70.0,55.0
2018-12-06,0.54,60,69.0,
2018-12-07,0.09,58,,
2018-12-08,0.0,58,71.0,49.0
2018-12-09,0.0,58,70.0,49.0
2018-12-10,0.62,63,72.0,54.0
2018-12-11,0.0,64,,
2018-12-12,0.28,60,,
2018-12-13,0.0,55,65.0,
2018-12-14,0.0,57,,46.0
2018-12-15,0.45,61,,
2018-12-16,0.0,62,,55.0
2018-12-17,0.06,59,67.0,
2018-12-18,0.19,62,70.0,
2018-12-19,0.59,56,64.0,
2018-12-20,0.17,58,,50.0
2018-12-21,0.0,58,,48.0
2018-12-22,0.0,59,,49.0
2018-12-23,0.0,59,,48.0
2018-12-24,0.0,60,69.0,
2018-12-25,0.0,61,,50.0
2018-12-26,0.25,62,69.0,
2018-12-27,0.02,53,,
2018-12-28,0.34,51,,
2018-12-29,0.0,52,59.0,44.0
2018-12-30,0.0,53,,
2018-12-31,0.04,54,,
2019-01-01,1.19,55,61.0,
2019-01-02,0.13,54,66.0,48.0
2019-01-03,0.66,57,66.0,44.0
2019-01-04,0.2,59,,
2019-01-05,0.22,57,,49.0
2019-01-06,0.25,52,59.0,
2019-01-07,0.11,50,60.0,
2019-01-08,0.2,49,,41.0
2019-01-09,0.02,48,,
2019-01-10,0.0,51,61.0,
2019-01-11,0.0,52,,
2019-01-12,0.0,54,63.0,45.0
2019-01-13,0.01,53,,46.0
2019-01-14,0.04,55,,
2019-01-15,0.96,60,63.0,55.0
2019-01-16,0.55,52,62.0,
2019-01-17,0.04,49,60.0,41.0
2019-01-18,0.0,51,61.0,
2019-01-19,0.0,55,,45.0
2019-01-20,0.0,55,,
2019-01-21,0.0,56,,
2019-01-22,0.0,55,,
2019-01-23,0.04,56,,46.0
2019-01-24,0.0,59,66.0,50.0
2019-01-25,0.05,57,67.0,48.0
2019-01-26,0.01,59,68.0,47.0
2019-01-27,0.0,57,65.0,
2019-01-28,0.11,54,63.0,
2019-01-29,0.0,54,67.0,43.0
2019-01-30,0.01,58,,51.0
2019-01-31,0.06,57,63.0,50.0
2019-02-01,0.09,57,,
2019-02-02,0.0,55,,
2019-02-03,0.0,55,,45.0
2019-02-04,0.0,58,68.0,50.0
2019-02-05,0.0,61,67.0,52.0
2019-02-06,0.2,59,63.0,
2019-02-07,2.43,56,65.0,
2019-02-08,0.17,55,,46.0
2019-02-09,0.4,56,65.0,50.0
2019-02-10,0.0,54,63.0,46.0
2019-02-11,0.01,55,65.0,
2019-02-12,0.01,55,,43.0
2019-02-13,0.0,59,67.0,49.0
2019-02-14,0.02,57,63.0,
2019-02-15,0.43,52,57.0,50.0
2019-02-16,1.22,54,60.0,
2019-02-17,0.05,54,63.0,45.0
2019-02-18,0.0,55,67.0,
2019-02-19,0.0,56,69.0,45.0
2019-02-20,0.01,56,,
2019-02-21,0.01,54,65.0,
2019-02-22,0.14,54,,46.0
2019-02-23,0.0,55,,44.0
2019-02-24,0.53,57,67.0,49.0
2019-02-25,0.01,60,68.0,50.0
2019-02-26,0.0,62,,
2019-02-27,0.28,58,69.0,
2019-02-28,0.06,50,,
2019-03-01,0.0,52,,
2019-03-02,0.0,56,,
2019-03-03,0.0,56,,
2019-03-04,0.12,54,,
2019-03-05,0.01,55,65.0,44.0
2019-03-06,0.0,57,,47.0
2019-03-07,0.0,58,71.0,45.0
2019-03-08,0.0,58,68.0,48.0
2019-03-09,0.0,58,67.0,46.0
2019-03-10,0.0,59,,
2019-03-11,0.01,58,69.0,46.0
2019-03-12,0.01,60,,
2019-03-13,0.0,59,,
2019-03-14,0.13,58,67.0,
2019-03-15,0.01,55,65.0,47.0
2019-03-16,0.46,55,64.0,
2019-03-17,0.03,59,,48.0
2019-03-18,0.0,60,,
2019-03-19,0.02,61,,50.0
2019-03-20,0.01,62,72.0,52.0
2019-03-21,0.0,64,76.0,53.0
2019-03-22,0.0,63,,51.0
2019-03-23,0.0,62,72.0,51.0
2019-03-24,0.0,60,68.0,53.0
2019-03-25,0.04,56,66.0,
2019-03-26,0.0,57,,
2019-03-27,0.0,58,,
2019-03-28,0.02,60,68.0,47.0
2019-03-29,0.06,59,,55.0
2019-03-30,0.38,58,62.0,
2019-03-31,0.29,57,,
2019-04-01,0.01,58,,47.0
2019-04-02,0.11,58,,48.0
2019-04-03,0.01,59,,50.0
2019-04-04,0.01,60,,
2019-04-05,0.0,62,72.0,
2019-04-06,0.15,61,,
2019-04-07,0.03,62,70.0,55.0
2019-04-08,0.0,64,74.0,53.0
2019-04-09,0.01,62,72.0,53.0
2019-04-10,0.0,61,70.0,49.0
2019-04-11,0.0,61,70.0,
2019-04-12,0.01,62,,52.0
2019-04-13,0.0,66,76.0,53.0
2019-04-14,0.0,69,,
2019-04-15,0.0,62,68.0,55.0
2019-04-16,0.02,59,69.0,
2019-04-17,0.08,59,71.0,49.0
2019-04-18,0.43,60,70.0,47.0
2019-04-19,0.08,58,69.0,
2019-04-20,0.48,56,66.0,
2019-04-21,0.11,59,67.0,49.0
2019-04-22,0.0,60,,51.0
2019-04-23,0.0,62,72.0,49.0
2019-04-24,0.0,63,,51.0
2019-04-25,0.0,66,77.0,
2019-04-26,,66,73.0,
2019-04-27,0.0,68,,
2019-04-28,0.0,69,80.0,
2019-04-29,0.0,71,81.0,60.0
2019-04-30,0.0,74,85.0,
2019-05-01,0.0,70,,59.0
2019-05-02,0.0,73,85.0,
2019-05-03,0.0,68,76.0,59.0
2019-05-04,0.0,68,78.0,55.0
2019-05-05,0.0,68,76.0,57.0
2019-05-06,0.0,72,81.0,
2019-05-07,0.0,68,77.0,58.0
2019-05-08,0.0,65,76.0,52.0
2019-05-09,0.0,66,74.0,
2019-05-10,0.0,65,74.0,54.0
2019-05-11,0.0,67,72.0,58.0
2019-05-12,0.0,70,79.0,60.0
2019-05-13,0.0,74,,58.0
2019-05-14,0.0,78,90.0,
2019-05-15,0.0,78,88.0,63.0
2019-05-16,0.0,78,90.0,
2019-05-17,0.0,76,,
2019-05-18,0.0,72,79.0,64.0
2019-05-19,0.0,71,78.0,60.0
2019-05-20,0.01,74,83.0,62.0
2019-05-21,0.0,76,89.0,
2019-05-22,0.0,76,81.0,67.0
2019-05-23,0.01,77,,65.0
2019-05-24,0.0,80,90.0,67.0
2019-05-25,0.0,76,85.0,
2019-05-26,0.0,72,79.0,62.0
2019-05-27,0.0,75,,62.0
2019-05-28,0.0,83,93.0,68.0
2019-05-29,0.0,84,95.0,71.0
2019-05-30,0.0,86,,
2019-05-31,0.0,84,,
2019-06-01,0.0,78,86.0,67.0
2019-06-02,0.0,79,,
2019-06-03,0.0,81,88.0,
2019-06-04,0.0,83,93.0,
2019-06-05,0.0,81,91.0,
2019-06-06,0.0,80,94.0,
2019-06-07,0.0,77,,67.0
2019-06-08,0.0,79,,63.0
2019-06-09,0.0,80,86.0,
2019-06-10,0.0,77,84.0,
2019-06-11,0.0,76,83.0,66.0
2019-06-12,0.0,77,87.0,68.0
2019-06-13,0.0,78,85.0,
2019-06-14,0.0,78,,69.0
2019-06-15,0.0,79,,71.0
2019-06-16,0.01,79,,71.0
2019-06-17,0.0,79,89.0,71.0
2019-06-18,0.0,79,,
2019-06-19,0.0,79,,71.0
2019-06-20,0.0,79,87.0,
2019-06-21,0.2,79,88.0,
2019-06-22,0.0,80,,70.0
2019-06-23,0.01,82,90.0,
2019-06-24,0.0,84,93.0,76.0
2019-06-25,0.0,87,,
2019-06-26,0.0,86,,
2019-06-27,0.0,83,,
2019-06-28,0.0,82,88.0,
2019-06-29,0.0,82,90.0,76.0
2019-06-30,0.0,84,93.0,75.0
2019-07-01,0.0,84,,
2019-07-02,0.0,83,,71.0
2019-07-03,0.0,84,,70.0
2019-07-04,0.0,83,,
2019-07-05,0.0,83,,72.0
2019-07-06,0.0,85,96.0,
2019-07-07,0.0,85,,75.0
2019-07-08,0.01,84,,76.0
2019-07-09,0.0,84,,73.0
2019-07-10,,84,,
2019-07-11,,85,,
2019-07-12,0.0,84,91.0,
2019-07-13,0.0,82,,
2019-07-14,0.0,81,,71.0
2019-07-15,0.0,80,88.0,70.0
2019-07-16,0.0,81,,70.0
2019-07-17,0.0,81,,71.0
2019-07-18,0.0,82,89.0,74.0
2019-07-19,0.0,81,89.0,
2019-07-20,0.0,83,92.0,73.0
2019-07-21,0.0,85,98.0,74.0
2019-07-22,0.0,85,,
2019-07-23,0.01,83,96.0,73.0
2019-07-24,0.01,84,96.0,73.0
2019-07-25,0.0,82,,71.0
2019-07-26,0.0,84,93.0,71.0
2019-07-27,0.0,87,97.0,
2019-07-28,0.0,83,91.0,73.0
2019-07-29,0.0,83,91.0,73.0
2019-07-30,0.0,83,90.0,
2019-07-31,0.0,83,,
2019-08-01,0.0,82,,73.0
2019-08-02,0.0,83,,
2019-08-03,0.01,83,90.0,73.0
2019-08-04,0.0,84,,75.0
2019-08-05,0.0,84,,
2019-08-06,0.0,83,,
2019-08-07,0.0,84,,75.0
2019-08-08,0.01,84,96.0,73.0
2019-08-09,0.01,83,96.0,71.0
2019-08-10,0.0,83,93.0,69.0
2019-08-11,0.0,84,96.0,73.0
2019-08-12,0.01,84,,
2019-08-13,0.0,85,96.0,73.0
2019-08-14,0.0,84,92.0,75.0
2019-08-15,0.0,83,92.0,
2019-08-16,0.0,83,94.0,
2019-08-17,0.0,84,92.0,75.0
2019-08-18,0.0,83,90.0,73.0
2019-08-19,0.0,82,,75.0
2019-08-20,0.0,83,,75.0
2019-08-21,0.0,85,95.0,
2019-08-22,0.0,84,91.0,
2019-08-23,0.0,88,,78.0
2019-08-24,0.0,87,95.0,
2019-08-25,0.0,85,94.0,74.0
2019-08-26,0.0,84,94.0,
2019-08-27,0.0,85,94.0,72.0
2019-08-28,0.0,85,93.0,76.0
2019-08-29,0.0,86,,74.0
2019-08-30,0.0,87,97.0,75.0
2019-08-31,0.0,87,,76.0
2019-09-01,0.0,86,,
2019-09-02,0.0,83,,
2019-09-03,0.0,82,,73.0
2019-09-04,0.0,82,,73.0
2019-09-05,0.0,82,,73.0
2019-09-06,0.0,83,,75.0
2019-09-07,0.0,83,90.0,
2019-09-08,0.0,83,,74.0
2019-09-09,,83,,
2019-09-10,0.0,81,90.0,73.0
2019-09-11,0.0,81,,73.0
2019-09-12,0.0,83,,73.0
2019-09-13,0.0,82,91.0,71.0
2019-09-14,0.0,80,,
2019-09-15,0.0,77,,
2019-09-16,0.38,79,88.0,70.0
2019-09-17,0.0,79,88.0,67.0
2019-09-18,,80,91.0,
2019-09-19,0.0,82,,70.0
2019-09-20,0.0,80,90.0,69.0
2019-09-21,0.0,78,,
2019-09-22,0.0,79,88.0,
2019-09-23,0.0,79,,70.0
2019-09-24,0.0,78,87.0,66.0
2019-09-25,0.0,77,85.0,67.0
2019-09-26,0.0,79,,70.0
2019-09-27,0.0,79,87.0,72.0
2019-09-28,0.0,80,,
2019-09-29,0.0,80,88.0,71.0
2019-09-30,0.0,78,88.0,
2019-10-01,0.01,78,87.0,
2019-10-02,0.0,77,88.0,
2019-10-03,0.0,76,87.0,66.0
2019-10-04,0.0,77,85.0,68.0
2019-10-05,0.0,77,,66.0
2019-10-06,0.0,78,,
2019-10-07,0.0,75,85.0,63.0
2019-10-08,0.0,76,,
2019-10-09,0.0,78,,69.0
2019-10-10,0.0,77,86.0,65.0
2019-10-11,0.0,76,86.0,64.0
2019-10-12,0.0,81,94.0,
2019-10-13,0.0,83,94.0,73.0
2019-10-14,0.0,83,,78.0
2019-10-15,0.06,82,92.0,75.0
2019-10-16,0.01,80,91.0,72.0
2019-10-17,0.0,76,,69.0
2019-10-18,0.0,77,85.0,69.0
2019-10-19,0.0,76,85.0,66.0
2019-10-20,0.0,73,83.0,
2019-10-21,0.14,74,83.0,65.0
2019-10-22,0.0,71,83.0,64.0
2019-10-23,0.0,73,81.0,66.0
2019-10-24,,71,76.0,
2019-10-25,0.08,72,,65.0
2019-10-26,0.0,75,86.0,68.0
2019-10-27,0.0,70,,
2019-10-28,1.24,65,74.0,
2019-10-29,0.01,69,,59.0
2019-10-30,0.0,71,81.0,63.0
2019-10-31,0.0,70,80.0,
2019-11-01,0.0,68,,
2019-11-02,0.19,69,,62.0
2019-11-03,0.0,69,79.0,
2019-11-04,0.0,70,,
2019-11-05,0.0,72,82.0,64.0
2019-11-06,0.0,73,,
2019-11-07,0.0,72,,
2019-11-08,0.0,73,,65.0
2019-11-09,0.0,74,,
2019-11-10,0.0,74,,67.0
2019-11-11,0.0,74,,66.0
2019-11-12,0.0,72,,
2019-11-13,0.0,72,81.0,63.0
2019-11-14,0.0,74,81.0,68.0
2019-11-15,0.0,72,78.0,68.0
2019-11-16,0.04,71,80.0,
2019-11-17,0.0,70,81.0,
2019-11-18,0.0,65,76.0,
2019-11-19,0.0,64,76.0,
2019-11-20,0.0,64,,53.0
2019-11-21,0.0,64,74.0,
2019-11-22,0.0,64,74.0,
2019-11-23,0.0,64,73.0,
2019-11-24,0.0,63,,
2019-11-25,0.0,66,73.0,
2019-11-26,0.0,69,,59.0
2019-11-27,0.03,64,,
2019-11-28,0.02,63,,54.0
2019-11-29,0.0,66,,
2019-11-30,0.0,67,75.0,
2019-12-01,0.0,65,76.0,54.0
2019-12-02,0.0,61,72.0,
2019-12-03,0.0,61,73.0,53.0
2019-12-04,0.0,62,72.0,53.0
2019-12-05,0.0,61,69.0,
2019-12-06,0.0,57,67.0,49.0
2019-12-07,0.0,58,68.0,49.0
2019-12-08,0.0,59,,48.0
2019-12-09,0.01,56,65.0,
2019-12-10,0.18,59,,
2019-12-11,0.61,62,,
2019-12-12,2.88,58,64.0,
2019-12-13,0.75,60,,51.0
2019-12-14,0.23,58,63.0,
2019-12-15,1.9,59,,53.0
2019-12-16,0.06,60,,52.0
2019-12-17,0.0,60,72.0,
2019-12-18,0.0,59,,50.0
2019-12-19,0.01,58,,49.0
2019-12-20,0.02,57,,50.0
2019-12-21,0.02,58,69.0,
2019-12-22,0.0,59,,53.0
2019-12-23,0.01,62,,51.0
2019-12-24,0.3,61,68.0,
2019-12-25,0.34,57,65.0,52.0
2019-12-26,0.06,54,61.0,
2019-12-27,0.36,56,,
2019-12-28,0.01,55,,46.0
2019-12-29,0.25,56,,50.0
2019-12-30,0.97,58,63.0,
2019-12-31,0.46,55,,
2020-01-01,0.01,54,,45.0
2020-01-02,0.43,55,61.0,49.0
2020-01-03,0.7,53,,
2020-01-04,0.42,54,62.0,
2020-01-05,0.02,56,63.0,
2020-01-06,0.25,60,65.0,48.0
2020-01-07,0.49,55,62.0,
2020-01-08,0.48,52,60.0,
2020-01-09,0.14,54,,48.0
2020-01-10,0.0,53,63.0,
2020-01-11,0.0,51,63.0,
2020-01-12,0.0,54,65.0,
2020-01-13,0.0,56,65.0,48.0
2020-01-14,0.0,54,64.0,
2020-01-15,0.08,57,64.0,48.0
2020-01-16,0.0,57,63.0,53.0
2020-01-17,0.64,55,58.0,53.0
2020-01-18,0.0,53,,
2020-01-19,,52,58.0,
2020-01-20,0.02,51,58.0,
2020-01-21,0.0,51,60.0,
2020-01-22,0.0,50,61.0,42.0
2020-01-23,0.0,53,64.0,38.0
2020-01-24,0.03,49,56.0,
2020-01-25,0.0,48,,38.0
2020-01-26,0.0,53,,40.0
2020-01-27,0.0,55,65.0,46.0
2020-01-28,0.0,55,,
2020-01-29,0.01,56,,46.0
2020-01-30,0.0,57,,49.0
2020-01-31,0.17,55,,
2020-02-01,0.0,55,67.0,41.0
2020-02-02,0.0,53,,44.0
2020-02-03,0.0,54,,46.0
2020-02-04,0.0,58,,46.0
2020-02-05,0.1,63,,58.0
2020-02-06,0.01,62,69.0,
2020-02-07,0.31,54,61.0,
2020-02-08,0.2,49,58.0,
2020-02-09,0.0,42,,34.0
2020-02-10,0.0,43,54.0,33.0
2020-02-11,0.0,46,,35.0
2020-02-12,0.01,54,,49.0
2020-02-13,0.26,56,,
2020-02-14,0.0,53,58.0,48.0
2020-02-15,0.0,56,61.0,
2020-02-16,0.0,56,,
2020-02-17,0.0,55,,
2020-02-18,0.0,58,,46.0
2020-02-19,0.05,57,63.0,
2020-02-20,0.0,58,67.0,47.0
2020-02-21,,56,,
2020-02-22,0.02,55,63.0,44.0
2020-02-23,0.13,57,,49.0
2020-02-24,0.17,59,67.0,53.0
2020-02-25,0.27,60,72.0,
2020-02-26,0.0,58,,47.0
2020-02-27,0.0,58,67.0,46.0
2020-02-28,0.01,62,,55.0
2020-02-29,0.0,56,66.0,
2020-03-01,0.09,58,69.0,44.0
2020-03-02,0.0,57,66.0,46.0
2020-03-03,0.0,58,,51.0
2020-03-04,0.02,61,,51.0
2020-03-05,0.0,62,68.0,55.0
2020-03-06,0.02,60,,
2020-03-07,0.22,61,,
2020-03-08,0.0,60,68.0,51.0
2020-03-09,0.01,63,,53.0
2020-03-10,0.0,60,,
2020-03-11,0.0,61,,
2020-03-12,0.0,66,72.0,58.0
2020-03-13,,62,,
2020-03-14,,63,75.0,
2020-03-15,0.01,62,,55.0
2020-03-16,0.0,61,69.0,52.0
2020-03-17,0.11,54,61.0,
2020-03-18,0.2,53,61.0,42.0
2020-03-19,0.0,49,,43.0
2020-03-20,0.14,52,,39.0
2020-03-21,0.08,54,65.0,46.0
2020-03-22,0.0,57,,
2020-03-23,0.0,56,65.0,46.0
2020-03-24,0.0,61,72.0,49.0
2020-03-25,0.0,61,,50.0
2020-03-26,0.01,62,71.0,53.0
2020-03-27,0.0,65,,
2020-03-28,0.02,62,,
2020-03-29,0.0,61,70.0,
2020-03-30,0.02,61,69.0,48.0
2020-03-31,0.02,64,72.0,
2020-04-01,0.0,64,,
2020-04-02,0.13,61,,48.0
2020-04-03,0.0,63,,
2020-04-04,0.0,62,70.0,50.0
2020-04-05,0.0,67,,
2020-04-06,0.0,63,72.0,54.0
2020-04-07,0.01,63,70.0,
2020-04-08,0.0,60,,
2020-04-09,0.03,57,,48.0
2020-04-10,0.22,57,,48.0
2020-04-11,0.35,62,74.0,
2020-04-12,0.0,62,72.0,48.0
2020-04-13,0.0,63,,51.0
2020-04-14,0.0,65,76.0,53.0
2020-04-15,0.0,64,72.0,52.0
2020-04-16,0.0,64,,53.0
2020-04-17,0.0,69,,57.0
2020-04-18,0.0,69,80.0,59.0
2020-04-19,0.0,71,,
2020-04-20,0.0,69,79.0,55.0
2020-04-21,0.0,66,76.0,57.0
2020-04-22,0.0,67,,
2020-04-23,0.0,68,76.0,56.0
2020-04-24,0.0,65,71.0,
2020-04-25,0.01,63,74.0,
2020-04-26,0.28,64,,51.0
2020-04-27,0.01,64,72.0,53.0
2020-04-28,0.0,65,73.0,54.0
2020-04-29,0.0,67,,
2020-04-30,0.0,68,77.0,57.0
2020-05-01,0.02,67,75.0,
2020-05-02,0.26,66,75.0,
2020-05-03,0.01,66,74.0,58.0
2020-05-04,0.0,68,,61.0
2020-05-05,0.0,67,75.0,
2020-05-06,0.0,72,82.0,
2020-05-07,0.0,67,74.0,55.0
2020-05-08,0.0,69,,62.0
2020-05-09,0.0,72,84.0,
2020-05-10,0.0,69,78.0,
2020-05-11,0.01,69,,58.0
2020-05-12,0.0,71,,
2020-05-13,0.0,72,,61.0
2020-05-14,0.0,76,86.0,
2020-05-15,0.0,87,98.0,72.0
2020-05-16,0.0,90,100.0,77.0
2020-05-17,0.0,93,102.0,81.0
2020-05-18,,92,103.0,
2020-05-19,0.0,91,,
2020-05-20,0.0,88,,
2020-05-21,0.0,85,99.0,73.0
2020-05-22,0.0,78,90.0,
2020-05-23,0.0,74,84.0,
2020-05-24,0.0,73,,64.0
2020-05-25,0.0,72,81.0,
2020-05-26,0.0,71,,59.0
2020-05-27,0.0,74,85.0,62.0
2020-05-28,0.0,72,83.0,
2020-05-29,0.0,71,,58.0
2020-05-30,0.0,71,77.0,60.0
2020-05-31,0.0,71,,62.0
2020-06-01,0.0,71,80.0,62.0
2020-06-02,0.0,73,82.0,
2020-06-03,0.0,71,79.0,59.0
2020-06-04,0.0,71,79.0,63.0
2020-06-05,0.0,73,81.0,60.0
2020-06-06,0.0,80,,64.0
2020-06-07,0.0,81,92.0,71.0
2020-06-08,0.0,80,,67.0
2020-06-09,0.0,75,83.0,66.0
2020-06-10,0.0,76,,
2020-06-11,0.0,77,,68.0
2020-06-12,0.0,76,,62.0
2020-06-13,0.0,76,,64.0
2020-06-14,0.0,74,,64.0
2020-06-15,0.0,75,,
2020-06-16,0.0,77,86.0,69.0
2020-06-17,0.01,78,88.0,67.0
2020-06-18,0.0,79,87.0,
2020-06-19,0.0,79,89.0,67.0
2020-06-20,0.0,80,,69.0
2020-06-21,0.0,78,86.0,69.0
2020-06-22,0.0,77,85.0,67.0
2020-06-23,0.0,78,,71.0
2020-06-24,0.0,77,87.0,67.0
2020-06-25,0.0,77,,
2020-06-26,0.0,80,90.0,
2020-06-27,0.0,82,92.0,
2020-06-28,0.01,80,92.0,
2020-06-29,0.02,80,92.0,72.0
2020-06-30,0.0,79,,69.0
2020-07-01,0.01,82,,71.0
2020-07-02,0.0,83,,72.0
2020-07-03,0.0,82,92.0,
2020-07-04,0.0,83,95.0,69.0
2020-07-05,0.01,82,90.0,72.0
2020-07-06,0.0,84,92.0,
2020-07-07,0.0,84,92.0,
2020-07-08,0.0,81,88.0,72.0
2020-07-09,0.0,82,89.0,73.0
2020-07-10,0.0,82,,73.0
2020-07-11,0.0,82,92.0,73.0
2020-07-12,0.01,83,93.0,72.0
2020-07-13,0.01,83,,73.0
2020-07-14,0.0,84,88.0,75.0
2020-07-15,0.0,84,94.0,
2020-07-16,0.0,83,,
2020-07-17,0.01,80,,
2020-07-18,0.0,81,88.0,71.0
2020-07-19,0.0,81,90.0,71.0
2020-07-20,0.0,85,95.0,73.0
2020-07-21,0.0,83,94.0,72.0
2020-07-22,0.0,85,,73.0
2020-07-23,0.0,85,,73.0
2020-07-24,0.0,85,97.0,73.0
2020-07-25,0.01,84,95.0,72.0
2020-07-26,0.0,84,96.0,71.0
2020-07-27,0.0,84,94.0,73.0
2020-07-28,0.0,85,,
2020-07-29,0.0,85,,71.0
2020-07-30,0.0,87,,
2020-07-31,0.0,88,98.0,80.0
2020-08-01,0.0,87,,
2020-08-02,0.0,84,,
2020-08-03,0.0,83,91.0,74.0
2020-08-04,0.0,85,,75.0
2020-08-05,0.0,85,96.0,73.0
2020-08-06,0.01,84,94.0,
2020-08-07,0.01,84,,74.0
2020-08-08,0.01,85,97.0,
2020-08-09,0.0,83,90.0,
2020-08-10,0.0,81,90.0,71.0
2020-08-11,0.0,82,90.0,
2020-08-12,0.01,83,,74.0
2020-08-13,0.0,84,,75.0
2020-08-14,0.0,88,,76.0
2020-08-15,0.0,88,97.0,
2020-08-16,0.0,85,96.0,73.0
2020-08-17,0.0,85,96.0,73.0
2020-08-18,0.0,82,96.0,70.0
2020-08-19,0.0,81,,71.0
2020-08-20,0.0,81,90.0,71.0
2020-08-21,0.0,82,,73.0
2020-08-22,0.0,85,97.0,75.0
2020-08-23,0.0,86,95.0,77.0
2020-08-24,0.0,86,,76.0
2020-08-25,0.0,86,95.0,77.0
2020-08-26,0.0,83,,74.0
2020-08-27,0.0,83,,
2020-08-28,0.0,82,90.0,
2020-08-29,0.0,84,,73.0
2020-08-30,0.0,87,,73.0
2020-08-31,0.0,88,102.0,
2020-09-01,0.0,84,92.0,73.0
2020-09-02,0.0,85,92.0,77.0
2020-09-03,0.0,87,,77.0
2020-09-04,0.0,89,101.0,
2020-09-05,0.01,84,97.0,72.0
2020-09-06,0.0,82,90.0,73.0
2020-09-07,0.0,84,,75.0
2020-09-08,0.0,87,99.0,75.0
2020-09-09,0.0,86,,75.0
2020-09-10,0.0,90,,
2020-09-11,0.0,85,,73.0
2020-09-12,0.0,83,91.0,73.0
2020-09-13,0.0,84,92.0,
2020-09-14,0.0,83,90.0,75.0
2020-09-15,0.0,82,92.0,71.0
2020-09-16,0.0,83,,
2020-09-17,0.0,83,93.0,73.0
2020-09-18,0.0,82,90.0,73.0
2020-09-19,0.0,83,95.0,
2020-09-20,0.0,82,90.0,
2020-09-21,0.0,81,90.0,
2020-09-22,0.0,82,90.0,75.0
2020-09-23,0.0,81,91.0,71.0
2020-09-24,0.0,80,90.0,71.0
2020-09-25,0.0,80,90.0,70.0
2020-09-26,0.0,79,88.0,70.0
2020-09-27,0.0,80,90.0,
2020-09-28,0.0,83,93.0,73.0
2020-09-29,0.01,86,97.0,
2020-09-30,0.0,82,95.0,
2020-10-01,0.0,76,86.0,
2020-10-02,0.0,76,85.0,
2020-10-03,0.0,77,87.0,68.0
2020-10-04,0.0,78,88.0,69.0
2020-10-05,0.0,78,90.0,66.0
2020-10-06,0.0,79,91.0,
2020-10-07,0.0,80,,68.0
2020-10-08,,80,,
2020-10-09,0.0,82,,71.0
2020-10-10,0.0,80,,
2020-10-11,0.0,76,,67.0
2020-10-12,0.0,76,,68.0
2020-10-13,0.0,77,,70.0
2020-10-14,0.0,78,87.0,
2020-10-15,0.0,78,,
2020-10-16,0.0,76,85.0,
2020-10-17,0.0,75,,
2020-10-18,0.0,75,85.0,64.0
2020-10-19,0.0,77,,
2020-10-20,0.0,78,,67.0
2020-10-21,0.0,78,,68.0
2020-10-22,0.0,77,,66.0
2020-10-23,0.0,77,,
2020-10-24,0.0,79,88.0,69.0
2020-10-25,0.0,81,94.0,
2020-10-26,0.0,78,89.0,69.0
2020-10-27,0.0,77,,
2020-10-28,0.0,74,83.0,66.0
2020-10-29,0.0,73,83.0,63.0
2020-10-30,0.0,74,83.0,
2020-10-31,0.0,74,,
2020-11-01,0.0,73,81.0,65.0
2020-11-02,0.0,71,81.0,64.0
2020-11-03,0.0,71,81.0,62.0
2020-11-04,0.0,67,79.0,
2020-11-05,0.04,67,79.0,
2020-11-06,0.0,70,78.0,63.0
2020-11-07,0.06,70,78.0,64.0
2020-11-08,0.0,71,77.0,67.0
2020-11-09,0.03,71,81.0,64.0
2020-11-10,0.0,70,,
2020-11-11,0.0,69,,62.0
2020-11-12,0.0,69,80.0,
2020-11-13,0.0,69,,
2020-11-14,0.0,68,,
2020-11-15,0.0,64,72.0,
2020-11-16,0.65,65,,55.0
2020-11-17,0.0,66,76.0,57.0
2020-11-18,0.0,67,76.0,58.0
2020-11-19,0.0,66,74.0,60.0
2020-11-20,0.15,64,74.0,58.0
2020-11-21,0.0,64,,
2020-11-22,0.02,65,,56.0
2020-11-23,0.0,64,74.0,55.0
2020-11-24,0.0,63,72.0,54.0
2020-11-25,0.0,64,72.0,56.0
2020-11-26,0.07,62,,
2020-11-27,0.0,62,,
2020-11-28,0.0,62,70.0,
2020-11-29,0.0,63,72.0,54.0
2020-11-30,0.02,60,66.0,
2020-12-01,0.02,61,70.0,
2020-12-02,0.26,62,72.0,
2020-12-03,0.0,63,72.0,55.0
2020-12-04,0.19,61,,
2020-12-05,1.52,60,71.0,55.0
2020-12-06,0.01,61,72.0,
2020-12-07,0.0,61,,51.0
2020-12-08,0.01,62,75.0,
2020-12-09,0.0,61,72.0,51.0
2020-12-10,0.0,61,,
2020-12-11,0.0,63,74.0,55.0
2020-12-12,0.01,63,,55.0
2020-12-13,0.0,66,72.0,59.0
2020-12-14,0.02,65,,
2020-12-15,0.58,60,,55.0
2020-12-16,0.83,62,68.0,59.0
2020-12-17,0.0,60,71.0,
2020-12-18,,61,70.0,
2020-12-19,0.0,61,71.0,51.0
2020-12-20,,60,,
2020-12-21,,59,,
2020-12-22,,58,,
2020-12-23,,57,,
2020-12-24,,56,,
2020-12-25,,56,,
2020-12-26,,57,,
2020-12-27,0.0,58,66.0,51.0
2020-12-28,0.0,58,68.0,
2020-12-29,0.0,59,69.0,51.0
2020-12-30,0.0,59,69.0,
2020-12-31,0.0,59,,
2021-01-01,0.0,61,,51.0
2021-01-02,0.0,62,71.0,56.0
2021-01-03,0.0,62,,
2021-01-04,0.0,62,72.0,54.0
2021-01-05,0.0,61,71.0,
2021-01-06,0.0,61,,53.0
2021-01-07,0.0,62,72.0,55.0
2021-01-08,,61,,
2021-01-09,0.0,62,,
2021-01-10,0.0,60,,51.0
2021-01-11,0.0,61,72.0,
2021-01-12,,63,71.0,
2021-01-13,0.01,63,,
2021-01-14,0.04,56,65.0,
2021-01-15,0.09,57,68.0,
2021-01-16,0.43,58,,53.0
2021-01-17,0.0,55,,
2021-01-18,,52,,
2021-01-19,,50,,
2021-01-20,0.0,46,54.0,
2021-01-21,0.0,47,59.0,
2021-01-22,0.0,51,62.0,41.0
2021-01-23,0.0,53,,
2021-01-24,0.0,53,65.0,44.0
2021-01-25,0.0,54,65.0,46.0
2021-01-26,0.0,56,65.0,46.0
2021-01-27,0.0,59,70.0,50.0
2021-01-28,0.05,53,61.0,
2021-01-29,0.35,52,60.0,44.0
2021-01-30,0.0,58,66.0,43.0
2021-01-31,0.28,60,69.0,50.0
2021-02-01,0.02,58,67.0,50.0
2021-02-02,0.0,62,68.0,54.0
2021-02-03,0.01,64,70.0,60.0
2021-02-04,0.06,63,,
2021-02-05,0.0,62,,
2021-02-06,0.0,59,,48.0
2021-02-07,0.01,57,,47.0
2021-02-08,0.0,60,,
2021-02-09,0.01,61,70.0,53.0
2021-02-10,0.01,59,,50.0
2021-02-11,0.01,59,,50.0
2021-02-12,0.01,59,,50.0
2021-02-13,,60,69.0,
2021-02-14,0.01,58,,
2021-02-15,0.0,58,68.0,46.0
2021-02-16,0.03,52,61.0,
2021-02-17,0.32,47,,41.0
2021-02-18,0.05,47,57.0,
2021-02-19,0.0,50,,42.0
2021-02-20,0.0,50,,42.0
2021-02-21,,46,,
2021-02-22,0.0,55,,44.0
2021-02-23,0.0,57,,
2021-02-24,,60,,
2021-02-25,,59,,
2021-02-26,,58,,
2021-02-27,0.0,57,69.0,44.0
2021-02-28,0.0,58,,48.0
2021-03-01,0.0,59,,48.0
2021-03-02,0.14,58,67.0,
2021-03-03,0.12,55,,44.0
2021-03-04,0.06,58,,
2021-03-05,0.0,57,,44.0
2021-03-06,0.0,58,,
2021-03-07,0.0,58,68.0,48.0
2021-03-08,0.01,58,71.0,
2021-03-09,0.0,58,69.0,46.0
2021-03-10,0.0,61,72.0,
2021-03-11,0.0,62,74.0,51.0
2021-03-12,0.01,58,69.0,
2021-03-13,0.0,57,67.0,
2021-03-14,0.0,59,67.0,48.0
2021-03-15,0.02,61,,
2021-03-16,0.02,62,,
2021-03-17,0.0,60,,
2021-03-18,0.02,59,,
2021-03-19,0.0,57,68.0,43.0
2021-03-20,0.0,59,,49.0
2021-03-21,,61,,
2021-03-22,,66,75.0,
2021-03-23,0.01,66,74.0,59.0
2021-03-24,0.1,59,,
2021-03-25,0.06,55,67.0,42.0
2021-03-26,0.0,53,,
2021-03-27,0.0,54,63.0,44.0
2021-03-28,0.0,54,65.0,
2021-03-29,0.0,58,68.0,46.0
2021-03-30,0.0,60,72.0,45.0
2021-03-31,0.0,60,,47.0
2021-04-01,0.0,55,67.0,45.0
2021-04-02,0.03,55,,44.0
2021-04-03,0.03,58,,
2021-04-04,0.01,60,70.0,48.0
2021-04-05,0.0,61,69.0,51.0
2021-04-06,0.0,67,78.0,57.0
2021-04-07,0.0,69,79.0,
2021-04-08,0.0,65,,57.0
2021-04-09,0.0,62,73.0,
2021-04-10,0.0,55,61.0,
2021-04-11,0.0,56,,
2021-04-12,0.0,55,63.0,44.0
2021-04-13,0.0,59,68.0,
2021-04-14,0.0,61,69.0,48.0
2021-04-15,0.0,64,,53.0
2021-04-16,0.0,67,,57.0
2021-04-17,0.0,72,84.0,55.0
2021-04-18,0.0,77,88.0,68.0
2021-04-19,0.0,75,85.0,
2021-04-20,0.0,74,90.0,
2021-04-21,0.0,67,,57.0
2021-04-22,0.0,64,73.0,
2021-04-23,0.0,68,,
2021-04-24,0.0,77,88.0,63.0
2021-04-25,0.0,70,,
2021-04-26,0.0,69,,58.0
2021-04-27,0.0,68,76.0,58.0
2021-04-28,0.01,69,77.0,
2021-04-29,0.0,70,,59.0
2021-04-30,0.0,76,85.0,62.0
2021-05-01,0.0,77,88.0,67.0
2021-05-02,0.0,76,85.0,65.0
2021-05-03,0.0,75,85.0,63.0
2021-05-04,0.01,76,88.0,65.0
2021-05-05,0.0,73,,62.0
2021-05-06,0.0,74,86.0,62.0
2021-05-07,0.0,73,80.0,
2021-05-08,0.0,73,81.0,
2021-05-09,0.0,77,85.0,66.0
2021-05-10,0.0,75,83.0,
2021-05-11,0.0,74,,
2021-05-12,0.0,71,,59.0
2021-05-13,0.0,72,81.0,
2021-05-14,0.01,72,81.0,62.0
2021-05-15,0.0,72,,60.0
2021-05-16,0.0,72,80.0,62.0
2021-05-17,0.0,73,83.0,
2021-05-18,0.0,73,,63.0
2021-05-19,0.0,73,79.0,
2021-05-20,0.01,75,83.0,63.0
2021-05-21,0.0,76,,
2021-05-22,0.0,74,83.0,63.0
2021-05-23,0.0,74,83.0,63.0
2021-05-24,0.0,78,86.0,66.0
2021-05-25,0.0,79,89.0,70.0
2021-05-26,0.01,77,,64.0
2021-05-27,0.0,76,82.0,66.0
2021-05-28,0.01,74,83.0,
2021-05-29,0.0,74,83.0,64.0
2021-05-30,,74,,
2021-05-31,0.0,76,83.0,
2021-06-01,0.0,77,,65.0
2021-06-02,0.01,75,83.0,64.0
2021-06-03,0.0,73,81.0,61.0
2021-06-04,0.0,75,,
2021-06-05,0.0,77,88.0,64.0
2021-06-06,0.0,77,87.0,
2021-06-07,0.0,77,87.0,
2021-06-08,0.0,76,86.0,
2021-06-09,0.0,77,,65.0
2021-06-10,0.0,76,87.0,63.0
2021-06-11,0.0,75,83.0,67.0
2021-06-12,0.0,76,86.0,
2021-06-13,0.0,76,,
2021-06-14,0.0,77,,66.0
2021-06-15,0.0,75,85.0,64.0
2021-06-16,0.0,75,84.0,
2021-06-17,0.0,76,,64.0
2021-06-18,0.0,76,87.0,
2021-06-19,0.0,78,87.0,68.0
2021-06-20,0.01,76,86.0,66.0
2021-06-21,0.0,77,85.0,69.0
2021-06-22,0.0,78,84.0,69.0
2021-06-23,0.0,78,85.0,
2021-06-24,0.0,79,87.0,
2021-06-25,0.0,80,88.0,71.0
2021-06-26,0.01,83,94.0,71.0
2021-06-27,0.0,85,,
2021-06-28,0.0,88,98.0,77.0
2021-06-29,0.0,89,99.0,79.0
2021-06-30,0.0,87,98.0,78.0
2021-07-01,0.01,84,95.0,
2021-07-02,0.01,83,92.0,73.0
2021-07-03,0.0,83,95.0,74.0
2021-07-04,0.0,83,92.0,71.0
2021-07-05,0.0,81,,70.0
2021-07-06,0.01,81,,71.0
2021-07-07,0.0,82,,71.0
2021-07-08,0.0,85,94.0,73.0
2021-07-09,0.0,86,,
2021-07-10,0.0,87,98.0,77.0
2021-07-11,0.0,85,94.0,
2021-07-12,0.0,85,93.0,72.0
2021-07-13,0.0,86,99.0,76.0
2021-07-14,0.0,85,,75.0
2021-07-15,0.0,88,98.0,
2021-07-16,0.01,89,99.0,76.0
2021-07-17,0.0,85,94.0,74.0
2021-07-18,0.0,84,92.0,76.0
2021-07-19,0.0,85,93.0,74.0
2021-07-20,0.0,86,,
2021-07-21,0.0,85,93.0,73.0
2021-07-22,0.0,84,,
2021-07-23,0.0,84,90.0,77.0
2021-07-24,0.0,85,93.0,75.0
2021-07-25,0.0,86,95.0,76.0
2021-07-26,0.0,87,97.0,
2021-07-27,0.0,90,101.0,80.0
2021-07-28,0.0,92,102.0,82.0
2021-07-29,0.0,89,,
2021-07-30,0.0,87,97.0,76.0
2021-07-31,0.0,87,,
2021-08-01,0.0,87,,74.0
2021-08-02,0.0,88,97.0,
2021-08-03,0.0,90,101.0,
2021-08-04,0.0,88,100.0,76.0
2021-08-05,0.0,88,101.0,76.0
2021-08-06,0.0,89,103.0,77.0
2021-08-07,0.0,87,95.0,76.0
2021-08-08,0.0,87,96.0,78.0
2021-08-09,0.0,89,97.0,
2021-08-10,0.0,90,100.0,
2021-08-11,,89,,
2021-08-12,0.0,88,95.0,80.0
2021-08-13,0.0,88,97.0,79.0
2021-08-14,0.0,91,,81.0
2021-08-15,0.0,89,99.0,82.0
2021-08-16,0.0,88,99.0,78.0
2021-08-17,0.0,86,96.0,73.0
2021-08-18,0.0,85,95.0,
2021-08-19,0.0,83,,73.0
2021-08-20,0.0,85,91.0,
2021-08-21,0.0,85,,73.0
2021-08-22,0.0,87,,
2021-08-23,0.0,84,,73.0
2021-08-24,0.0,84,94.0,
2021-08-25,0.0,83,92.0,72.0
2021-08-26,0.0,85,92.0,73.0
2021-08-27,0.0,85,99.0,72.0
2021-08-28,0.0,82,,71.0
2021-08-29,0.0,83,92.0,73.0
2021-08-30,,83,92.0,
2021-08-31,,83,,
2021-09-01,,83,,
2021-09-02,0.0,83,,
2021-09-03,0.0,85,96.0,
2021-09-04,0.0,85,95.0,
2021-09-05,,83,93.0,
2021-09-06,0.0,80,88.0,69.0
2021-09-07,0.0,82,90.0,73.0
2021-09-08,0.0,82,,74.0
2021-09-09,0.0,84,94.0,75.0
2021-09-10,0.0,82,92.0,
2021-09-11,0.0,80,89.0,69.0
2021-09-12,0.0,79,,
2021-09-13,0.0,79,88.0,69.0
2021-09-14,0.0,79,89.0,70.0
2021-09-15,0.0,79,88.0,
2021-09-16,,75,,
2021-09-17,0.0,79,89.0,68.0
2021-09-18,0.0,80,,72.0
2021-09-19,0.0,80,90.0,
2021-09-20,0.0,81,90.0,71.0
2021-09-21,0.0,81,90.0,
2021-09-22,0.0,81,,72.0
2021-09-23,0.0,79,92.0,68.0
2021-09-24,0.0,76,,
2021-09-25,0.0,76,85.0,
2021-09-26,0.0,78,90.0,
2021-09-27,0.0,79,,67.0
2021-09-28,0.0,77,,
2021-09-29,0.0,76,85.0,67.0
2021-09-30,0.0,76,,68.0
2021-10-01,0.0,76,84.0,67.0
2021-10-02,0.0,77,,65.0
2021-10-03,0.0,78,89.0,67.0
2021-10-04,0.0,77,87.0,67.0
2021-10-05,0.0,76,,
2021-10-06,0.0,75,,
2021-10-07,0.0,74,84.0,62.0
2021-10-08,0.0,77,88.0,64.0
2021-10-09,0.0,77,89.0,
2021-10-10,0.0,77,,
2021-10-11,0.0,73,,62.0
2021-10-12,0.0,76,,
2021-10-13,,76,,
2021-10-14,,74,,
2021-10-15,0.0,73,82.0,64.0
2021-10-16,,74,,
2021-10-17,,72,,
2021-10-18,,73,,
2021-10-19,,74,,
2021-10-20,0.0,74,,
2021-10-21,0.0,72,,61.0
2021-10-22,0.0,73,86.0,62.0
2021-10-23,0.0,73,84.0,
2021-10-24,0.0,71,,
2021-10-25,0.0,70,79.0,61.0
2021-10-26,0.0,71,,60.0
2021-10-27,0.0,71,,
2021-10-28,0.01,70,79.0,64.0
2021-10-29,0.02,71,,
2021-10-30,0.0,71,81.0,62.0
2021-10-31,0.57,70,79.0,58.0
2021-11-01,0.0,76,82.0,69.0
2021-11-02,0.0,72,81.0,
2021-11-03,0.0,69,80.0,
2021-11-04,0.0,71,81.0,
2021-11-05,0.0,71,81.0,61.0
2021-11-06,0.0,74,,64.0
2021-11-07,0.0,73,87.0,
2021-11-08,0.0,71,,61.0
2021-11-09,0.0,70,83.0,
2021-11-10,0.0,68,79.0,60.0
2021-11-11,0.0,65,73.0,
2021-11-12,0.0,66,,55.0
2021-11-13,0.0,68,79.0,61.0
2021-11-14,0.0,70,79.0,64.0
2021-11-15,0.0,69,,
2021-11-16,0.0,66,,56.0
2021-11-17,0.0,67,,59.0
2021-11-18,0.0,68,78.0,
2021-11-19,0.0,66,75.0,
2021-11-20,0.02,62,71.0,
2021-11-21,0.59,62,70.0,
2021-11-22,0.55,64,74.0,
2021-11-23,0.0,65,,57.0
2021-11-24,0.02,67,,60.0
2021-11-25,0.02,65,73.0,
2021-11-26,0.0,63,74.0,55.0
2021-11-27,0.0,64,,55.0
2021-11-28,0.0,66,76.0,57.0
2021-11-29,0.01,67,,
2021-11-30,0.01,68,78.0,62.0
2021-12-01,0.0,62,71.0,
2021-12-02,0.0,60,,
2021-12-03,0.0,61,,51.0
2021-12-04,0.0,62,69.0,
2021-12-05,0.0,60,,
2021-12-06,2.61,62,,
2021-12-07,0.0,67,74.0,
2021-12-08,0.35,57,68.0,
2021-12-09,0.61,59,,49.0
2021-12-10,0.0,60,,51.0
2021-12-11,0.0,62,,57.0
2021-12-12,0.0,63,71.0,
2021-12-13,0.0,66,,60.0
2021-12-14,0.01,63,,
2021-12-15,0.13,56,63.0,49.0
2021-12-16,0.48,56,67.0,47.0
2021-12-17,0.0,55,,
2021-12-18,,54,,
2021-12-19,,57,63.0,
2021-12-20,,53,,
2021-12-21,0.0,57,67.0,46.0
2021-12-22,0.14,53,,46.0
2021-12-23,0.0,52,63.0,42.0
2021-12-24,,51,59.0,
2021-12-25,0.0,52,64.0,40.0
2021-12-26,0.0,58,,
2021-12-27,0.0,57,67.0,
2021-12-28,0.0,56,65.0,
2021-12-29,0.0,57,,50.0
2021-12-30,,60,64.0,
2021-12-31,,59,,
