DATE,PRCP,SNWD,TAVG,TMAX,TMIN
2015-01-01,0.0,2.8,29.0,32.0,27.0
2015-01-02,0.08,,33.0,37.0,27.0
2015-01-03,0.29,,35.0,48.0,32.0
2015-01-04,0.0,,35.0,40.0,30.0
2015-01-05,0.0,,28.0,35.0,22.0
2015-01-06,0.02,,25.0,31.0,20.0
2015-01-07,0.0,,32.0,33.0,31.0
2015-01-08,0.18,,41.0,46.0,33.0
2015-01-09,0.09,,46.0,53.0,41.0
2015-01-10,0.09,,51.0,55.0,39.0
2015-01-11,0.01,,38.0,40.0,34.0
2015-01-12,0.0,,40.0,42.0,38.0
2015-01-13,0.38,,44.0,52.0,40.0
2015-01-14,0.15,,38.0,45.0,34.0
2015-01-15,0.11,,44.0,47.0,38.0
2015-01-16,0.15,,38.0,42.0,35.0
2015-01-17,0.0,,35.0,39.0,28.0
2015-01-18,0.0,,31.0,35.0,26.0
2015-01-19,0.0,,27.0,28.0,26.0
2015-01-20,0.0,,30.0,34.0,27.0
2015-01-21,0.0,,31.0,33.0,26.0
2015-01-22,0.0,,31.0,32.0,30.0
2015-01-23,0.0,,31.0,33.0,27.0
2015-01-24,0.09,,31.0,34.0,28.0
2015-01-25,0.2,,32.0,34.0,27.0
2015-01-26,0.17,2.8,34.0,37.0,31.0
2015-01-27,0.0,1.2,35.0,37.0,32.0
2015-01-28,0.17,0.8,36.0,41.0,34.0
2015-01-29,0.25,,33.0,38.0,30.0
2015-01-30,0.19,,31.0,33.0,28.0
2015-01-31,0.14,3.9,31.0,33.0,30.0
2015-02-01,0.06,5.1,31.0,33.0,28.0
2015-02-02,0.0,4.7,31.0,35.0,26.0
2015-02-03,0.0,4.7,28.0,35.0,20.0
2015-02-04,0.0,3.1,29.0,34.0,25.0
2015-02-05,0.0,3.1,27.0,29.0,24.0
2015-02-06,0.0,3.1,28.0,33.0,24.0
2015-02-07,0.0,2.8,30.0,38.0,22.0
2015-02-08,0.0,2.8,35.0,37.0,32.0
2015-02-09,0.0,,35.0,38.0,33.0
2015-02-10,0.0,,37.0,40.0,34.0
2015-02-11,0.0,,35.0,39.0,29.0
2015-02-12,0.0,,30.0,32.0,28.0
2015-02-13,0.01,,34.0,44.0,27.0
2015-02-14,0.37,,40.0,45.0,38.0
2015-02-15,0.0,,35.0,42.0,28.0
2015-02-16,0.0,,31.0,32.0,28.0
2015-02-17,0.0,,32.0,36.0,29.0
2015-02-18,0.0,,36.0,40.0,28.0
2015-02-19,0.0,,30.0,32.0,28.0
2015-02-20,0.28,,40.0,49.0,31.0
2015-02-21,0.14,,36.0,40.0,32.0
2015-02-22,0.02,,35.0,41.0,31.0
2015-02-23,0.27,0.4,35.0,42.0,31.0
2015-02-24,0.02,,36.0,40.0,33.0
2015-02-25,0.07,,36.0,41.0,33.0
2015-02-26,0.37,,40.0,43.0,38.0
2015-02-27,0.0,,38.0,40.0,29.0
2015-02-28,0.06,,35.0,44.0,27.0
2015-03-01,0.25,,42.0,49.0,34.0
2015-03-02,0.11,,41.0,46.0,33.0
2015-03-03,0.11,,37.0,48.0,29.0
2015-03-04,0.0,,37.0,42.0,32.0
2015-03-05,0.0,,39.0,46.0,33.0
2015-03-06,0.0,,40.0,48.0,29.0
2015-03-07,0.0,,42.0,50.0,32.0
2015-03-08,0.0,,47.0,59.0,37.0
2015-03-09,0.0,,47.0,57.0,38.0
2015-03-10,0.02,,45.0,50.0,41.0
2015-03-11,0.0,,41.0,50.0,33.0
2015-03-12,0.0,,42.0,53.0,33.0
2015-03-13,0.0,,38.0,49.0,31.0
2015-03-14,0.0,,39.0,47.0,33.0
2015-03-15,0.02,,37.0,42.0,34.0
2015-03-16,0.0,,42.0,53.0,33.0
2015-03-17,0.0,,51.0,64.0,41.0
2015-03-18,0.0,,53.0,65.0,44.0
2015-03-19,0.0,,44.0,47.0,41.0
2015-03-20,0.0,,45.0,57.0,38.0
2015-03-21,0.0,,39.0,45.0,34.0
2015-03-22,0.0,,39.0,45.0,35.0
2015-03-23,0.0,,41.0,49.0,29.0
2015-03-24,0.0,,45.0,53.0,36.0
2015-03-25,0.03,,42.0,46.0,39.0
2015-03-26,0.0,,40.0,45.0,36.0
2015-03-27,0.0,,42.0,49.0,36.0
2015-03-28,0.03,,44.0,50.0,35.0
2015-03-29,0.43,,49.0,50.0,45.0
2015-03-30,0.05,,45.0,51.0,40.0
2015-03-31,0.39,,46.0,52.0,36.0
2015-04-01,0.14,,39.0,45.0,34.0
2015-04-02,0.11,,40.0,46.0,31.0
2015-04-03,0.05,,39.0,45.0,30.0
2015-04-04,0.24,,39.0,42.0,35.0
2015-04-05,0.0,,40.0,49.0,32.0
2015-04-06,0.0,,41.0,50.0,30.0
2015-04-07,0.0,,45.0,56.0,35.0
2015-04-08,0.0,,50.0,59.0,37.0
2015-04-09,0.0,,54.0,65.0,40.0
2015-04-10,0.0,,58.0,69.0,45.0
2015-04-11,0.04,,51.0,53.0,48.0
2015-04-12,0.0,,53.0,62.0,42.0
2015-04-13,0.0,,52.0,60.0,44.0
2015-04-14,0.0,,57.0,70.0,44.0
2015-04-15,0.0,,64.0,75.0,50.0
2015-04-16,0.0,,61.0,70.0,51.0
2015-04-17,0.0,,52.0,58.0,44.0
2015-04-18,0.0,,48.0,56.0,39.0
2015-04-19,0.0,,51.0,62.0,39.0
2015-04-20,0.0,,56.0,67.0,45.0
2015-04-21,0.0,,61.0,72.0,50.0
2015-04-22,0.0,,54.0,65.0,43.0
2015-04-23,0.0,,53.0,65.0,38.0
2015-04-24,0.02,,58.0,69.0,45.0
2015-04-25,0.13,,54.0,58.0,50.0
2015-04-26,0.72,,55.0,66.0,50.0
2015-04-27,0.24,,47.0,51.0,42.0
2015-04-28,0.0,,45.0,54.0,38.0
2015-04-29,0.0,,47.0,55.0,36.0
2015-04-30,0.21,,46.0,51.0,41.0
2015-05-01,0.03,,46.0,50.0,42.0
2015-05-02,0.09,,50.0,55.0,39.0
2015-05-03,0.22,,55.0,60.0,50.0
2015-05-04,0.01,,60.0,68.0,52.0
2015-05-05,0.0,,62.0,69.0,51.0
2015-05-06,0.0,,52.0,60.0,44.0
2015-05-07,0.0,,51.0,60.0,44.0
2015-05-08,0.0,,57.0,67.0,45.0
2015-05-09,0.0,,58.0,65.0,52.0
2015-05-10,0.0,,59.0,69.0,48.0
2015-05-11,0.0,,65.0,76.0,52.0
2015-05-12,0.0,,65.0,77.0,50.0
2015-05-13,0.0,,56.0,66.0,44.0
2015-05-14,0.11,,54.0,61.0,46.0
2015-05-15,0.01,,53.0,64.0,45.0
2015-05-16,0.01,,50.0,59.0,41.0
2015-05-17,0.0,,55.0,64.0,48.0
2015-05-18,0.01,,57.0,68.0,44.0
2015-05-19,0.0,,51.0,58.0,43.0
2015-05-20,0.01,,48.0,57.0,40.0
2015-05-21,0.0,,52.0,63.0,37.0
2015-05-22,0.0,,58.0,66.0,48.0
2015-05-23,0.0,,59.0,65.0,52.0
2015-05-24,0.0,,60.0,68.0,51.0
2015-05-25,0.26,,53.0,62.0,47.0
2015-05-26,0.0,,50.0,58.0,43.0
2015-05-27,0.0,,52.0,63.0,42.0
2015-05-28,0.01,,56.0,65.0,45.0
2015-05-29,0.08,,53.0,59.0,45.0
2015-05-30,0.0,,53.0,61.0,46.0
2015-05-31,0.1,,55.0,65.0,45.0
2015-06-01,0.0,,54.0,59.0,48.0
2015-06-02,0.0,,61.0,74.0,48.0
2015-06-03,0.0,,61.0,68.0,55.0
2015-06-04,0.0,,66.0,78.0,49.0
2015-06-05,0.23,,76.0,88.0,61.0
2015-06-06,0.0,,67.0,76.0,57.0
2015-06-07,0.0,,63.0,75.0,53.0
2015-06-08,0.0,,59.0,69.0,50.0
2015-06-09,0.0,,56.0,63.0,51.0
2015-06-10,0.0,,60.0,70.0,50.0
2015-06-11,0.0,,67.0,77.0,56.0
2015-06-12,0.2,,70.0,82.0,60.0
2015-06-13,0.07,,65.0,72.0,58.0
2015-06-14,0.0,,67.0,79.0,54.0
2015-06-15,0.0,,64.0,72.0,59.0
2015-06-16,0.0,,60.0,69.0,51.0
2015-06-17,0.14,,60.0,73.0,45.0
2015-06-18,0.01,,60.0,69.0,49.0
2015-06-19,0.09,,54.0,62.0,45.0
2015-06-20,0.16,,55.0,61.0,49.0
2015-06-21,0.0,,59.0,70.0,50.0
2015-06-22,0.58,,53.0,58.0,45.0
2015-06-23,0.0,,53.0,63.0,44.0
2015-06-24,0.0,,57.0,69.0,45.0
2015-06-25,0.0,,65.0,76.0,53.0
2015-06-26,0.06,,70.0,78.0,58.0
2015-06-27,0.0,,67.0,74.0,57.0
2015-06-28,0.0,,67.0,77.0,56.0
2015-06-29,0.0,,71.0,81.0,62.0
2015-06-30,0.0,,74.0,86.0,62.0
2015-07-01,0.0,,80.0,93.0,67.0
2015-07-02,0.0,,84.0,96.0,72.0
2015-07-03,0.0,,82.0,94.0,69.0
2015-07-04,0.0,,85.0,97.0,75.0
2015-07-05,0.14,,79.0,94.0,60.0
2015-07-06,0.0,,69.0,81.0,55.0
2015-07-07,0.03,,74.0,90.0,58.0
2015-07-08,0.01,,60.0,65.0,54.0
2015-07-09,0.0,,60.0,69.0,53.0
2015-07-10,0.0,,64.0,78.0,49.0
2015-07-11,0.0,,72.0,85.0,57.0
2015-07-12,0.03,,63.0,73.0,56.0
2015-07-13,0.0,,62.0,68.0,56.0
2015-07-14,0.0,,66.0,73.0,59.0
2015-07-15,0.0,,69.0,82.0,57.0
2015-07-16,0.03,,78.0,90.0,65.0
2015-07-17,0.0,,80.0,91.0,69.0
2015-07-18,0.24,,74.0,82.0,65.0
2015-07-19,0.04,,67.0,74.0,60.0
2015-07-20,0.0,,69.0,76.0,63.0
2015-07-21,0.0,,75.0,87.0,63.0
2015-07-22,0.0,,73.0,81.0,62.0
2015-07-23,0.0,,67.0,76.0,60.0
2015-07-24,0.32,,70.0,82.0,59.0
2015-07-25,0.07,,58.0,63.0,48.0
2015-07-26,0.12,,57.0,67.0,47.0
2015-07-27,0.06,,61.0,68.0,55.0
2015-07-28,0.0,,59.0,65.0,54.0
2015-07-29,0.03,,58.0,66.0,51.0
2015-07-30,0.0,,55.0,66.0,45.0
2015-07-31,0.0,,59.0,70.0,47.0
2015-08-01,0.0,,67.0,80.0,54.0
2015-08-02,0.0,,71.0,83.0,54.0
2015-08-03,0.0,,78.0,91.0,63.0
2015-08-04,0.23,,67.0,74.0,57.0
2015-08-05,0.0,,69.0,82.0,55.0
2015-08-06,0.01,,79.0,92.0,66.0
2015-08-07,0.06,,82.0,95.0,69.0
2015-08-08,0.0,,72.0,81.0,65.0
2015-08-09,0.02,,71.0,79.0,63.0
2015-08-10,0.01,,68.0,75.0,62.0
2015-08-11,0.0,,71.0,84.0,59.0
2015-08-12,0.0,,76.0,87.0,66.0
2015-08-13,0.37,,77.0,93.0,66.0
2015-08-14,0.2,,67.0,77.0,60.0
2015-08-15,0.13,,60.0,64.0,56.0
2015-08-16,0.0,,59.0,66.0,54.0
2015-08-17,0.02,,56.0,58.0,54.0
2015-08-18,0.0,,56.0,65.0,51.0
2015-08-19,0.0,,60.0,72.0,48.0
2015-08-20,0.0,,65.0,75.0,53.0
2015-08-21,0.0,,68.0,78.0,56.0
2015-08-22,0.0,,69.0,80.0,60.0
2015-08-23,0.15,,65.0,79.0,57.0
2015-08-24,0.06,,62.0,70.0,54.0
2015-08-25,0.0,,60.0,67.0,52.0
2015-08-26,0.03,,70.0,81.0,56.0
2015-08-27,0.59,,63.0,71.0,57.0
2015-08-28,0.01,,60.0,69.0,54.0
2015-08-29,0.0,,71.0,85.0,57.0
2015-08-30,0.0,,78.0,89.0,68.0
2015-08-31,0.86,,77.0,89.0,66.0
2015-09-01,1.14,,61.0,66.0,52.0
2015-09-02,0.0,,56.0,66.0,48.0
2015-09-03,0.0,,56.0,64.0,50.0
2015-09-04,0.01,,53.0,59.0,48.0
2015-09-05,0.01,,52.0,58.0,45.0
2015-09-06,0.0,,51.0,58.0,44.0
2015-09-07,0.0,,53.0,60.0,46.0
2015-09-08,0.0,,56.0,64.0,49.0
2015-09-09,0.0,,56.0,66.0,50.0
2015-09-10,0.0,,57.0,67.0,49.0
2015-09-11,0.0,,58.0,69.0,48.0
2015-09-12,0.01,,62.0,71.0,53.0
2015-09-13,0.48,,61.0,66.0,58.0
2015-09-14,0.22,,57.0,63.0,49.0
2015-09-15,0.99,,53.0,62.0,48.0
2015-09-16,0.95,,57.0,66.0,52.0
2015-09-17,0.09,,55.0,59.0,53.0
2015-09-18,0.18,,56.0,63.0,50.0
2015-09-19,0.01,,54.0,59.0,51.0
2015-09-20,0.0,,54.0,62.0,49.0
2015-09-21,0.03,,54.0,61.0,44.0
2015-09-22,0.59,,52.0,58.0,46.0
2015-09-23,0.1,,51.0,54.0,47.0
2015-09-24,0.0,,54.0,62.0,45.0
2015-09-25,0.0,,55.0,63.0,51.0
2015-09-26,0.0,,54.0,62.0,49.0
2015-09-27,0.0,,54.0,62.0,47.0
2015-09-28,0.0,,53.0,61.0,45.0
2015-09-29,0.0,,53.0,62.0,45.0
2015-09-30,0.0,,52.0,60.0,45.0
2015-10-01,0.0,,50.0,60.0,43.0
2015-10-02,0.0,,54.0,64.0,44.0
2015-10-03,0.04,,56.0,65.0,48.0
2015-10-04,0.0,,53.0,55.0,48.0
2015-10-05,0.36,,54.0,59.0,48.0
2015-10-06,0.19,,59.0,61.0,57.0
2015-10-07,0.0,,54.0,58.0,52.0
2015-10-08,0.0,,52.0,56.0,49.0
2015-10-09,0.0,,51.0,56.0,45.0
2015-10-10,0.0,,52.0,59.0,47.0
2015-10-11,0.0,,48.0,57.0,41.0
2015-10-12,0.0,,44.0,54.0,37.0
2015-10-13,0.11,,40.0,45.0,34.0
2015-10-14,0.02,,36.0,40.0,35.0
2015-10-15,0.07,,38.0,44.0,36.0
2015-10-16,0.13,,39.0,41.0,36.0
2015-10-17,0.02,,40.0,42.0,38.0
2015-10-18,0.0,,42.0,46.0,38.0
2015-10-19,0.02,,44.0,48.0,41.0
2015-10-20,0.0,,47.0,50.0,43.0
2015-10-21,0.0,,48.0,52.0,45.0
2015-10-22,0.04,,48.0,51.0,45.0
2015-10-23,0.0,,51.0,54.0,49.0
2015-10-24,0.0,,51.0,56.0,48.0
2015-10-25,0.0,,53.0,56.0,47.0
2015-10-26,0.0,,48.0,54.0,44.0
2015-10-27,0.0,,46.0,54.0,41.0
2015-10-28,0.0,,47.0,52.0,44.0
2015-10-29,0.0,,49.0,53.0,43.0
2015-10-30,0.0,,46.0,52.0,41.0
2015-10-31,0.0,,45.0,48.0,38.0
2015-11-01,0.0,,44.0,49.0,39.0
2015-11-02,0.0,,39.0,42.0,34.0
2015-11-03,0.0,,40.0,45.0,36.0
2015-11-04,0.0,,49.0,57.0,39.0
2015-11-05,0.01,,54.0,61.0,48.0
2015-11-06,0.12,,56.0,59.0,51.0
2015-11-07,0.0,,60.0,64.0,58.0
2015-11-08,0.0,,57.0,60.0,50.0
2015-11-09,0.0,,56.0,60.0,50.0
2015-11-10,0.0,,49.0,51.0,47.0
2015-11-11,0.0,,49.0,53.0,47.0
2015-11-12,0.0,,51.0,58.0,45.0
2015-11-13,0.02,,48.0,53.0,43.0
2015-11-14,0.06,,44.0,48.0,40.0
2015-11-15,0.02,,49.0,52.0,45.0
2015-11-16,0.18,,48.0,51.0,46.0
2015-11-17,0.23,,54.0,58.0,50.0
2015-11-18,0.0,,53.0,57.0,50.0
2015-11-19,0.85,,53.0,57.0,48.0
2015-11-20,0.48,,44.0,50.0,37.0
2015-11-21,0.17,,35.0,38.0,33.0
2015-11-22,0.0,,35.0,39.0,30.0
2015-11-23,0.0,,33.0,41.0,28.0
2015-11-24,0.11,0.8,30.0,34.0,27.0
2015-11-25,0.07,0.8,37.0,42.0,32.0
2015-11-26,0.0,,38.0,43.0,31.0
2015-11-27,0.01,,31.0,35.0,27.0
2015-11-28,0.11,,36.0,42.0,30.0
2015-11-29,0.18,,45.0,49.0,38.0
2015-11-30,0.07,,47.0,50.0,46.0
2015-12-01,0.01,,48.0,49.0,47.0
2015-12-02,0.0,,46.0,48.0,44.0
2015-12-03,0.01,,43.0,48.0,37.0
2015-12-04,0.05,,41.0,47.0,35.0
2015-12-05,0.0,,37.0,41.0,33.0
2015-12-06,0.0,,44.0,48.0,39.0
2015-12-07,0.0,,46.0,51.0,42.0
2015-12-08,0.13,,45.0,49.0,41.0
2015-12-09,0.0,,42.0,47.0,37.0
2015-12-10,0.0,,35.0,38.0,32.0
2015-12-11,0.16,,38.0,45.0,31.0
2015-12-12,0.01,,45.0,46.0,44.0
2015-12-13,0.0,,44.0,45.0,42.0
2015-12-14,0.0,,41.0,45.0,37.0
2015-12-15,0.27,,43.0,47.0,38.0
2015-12-16,0.09,,49.0,52.0,45.0
2015-12-17,0.01,,52.0,57.0,48.0
2015-12-18,0.01,,49.0,50.0,47.0
2015-12-19,0.0,,50.0,53.0,45.0
2015-12-20,0.14,,47.0,50.0,43.0
2015-12-21,0.06,,47.0,50.0,45.0
2015-12-22,0.07,,48.0,53.0,44.0
2015-12-23,0.02,,46.0,51.0,41.0
2015-12-24,0.09,,49.0,53.0,44.0
2015-12-25,0.02,,49.0,52.0,45.0
2015-12-26,0.0,,46.0,51.0,42.0
2015-12-27,0.0,,44.0,50.0,41.0
2015-12-28,0.0,,42.0,47.0,37.0
2015-12-29,0.0,,41.0,44.0,37.0
2015-12-30,0.01,,39.0,42.0,36.0
2015-12-31,0.05,24.4,42.0,48.0,36.0
2016-01-01,0.04,,38.0,41.0,35.0
2016-01-02,0.09,,41.0,45.0,38.0
2016-01-03,0.5,,40.0,42.0,33.0
2016-01-04,0.09,,39.0,42.0,32.0
2016-01-05,0.3,,39.0,41.0,36.0
2016-01-06,0.1,,39.0,41.0,38.0
2016-01-07,0.24,,40.0,44.0,38.0
2016-01-08,0.0,,37.0,42.0,32.0
2016-01-09,0.04,,36.0,41.0,32.0
2016-01-10,0.19,,41.0,44.0,38.0
2016-01-11,0.33,,40.0,42.0,38.0
2016-01-12,0.1,,39.0,40.0,36.0
2016-01-13,0.1,,37.0,40.0,32.0
2016-01-14,0.13,,33.0,35.0,30.0
2016-01-15,0.29,,31.0,35.0,30.0
2016-01-16,0.06,,31.0,35.0,28.0
2016-01-17,0.0,,28.0,31.0,20.0
2016-01-18,0.0,,21.0,27.0,15.0
2016-01-19,0.0,2.8,20.0,25.0,15.0
2016-01-20,0.0,2.4,23.0,32.0,13.0
2016-01-21,0.0,2.4,30.0,33.0,25.0
2016-01-22,0.11,,26.0,31.0,21.0
2016-01-23,0.0,0.8,37.0,40.0,31.0
2016-01-24,0.01,,37.0,41.0,34.0
2016-01-25,0.0,,43.0,51.0,39.0
2016-01-26,0.0,,43.0,47.0,38.0
2016-01-27,0.19,,48.0,52.0,44.0
2016-01-28,0.0,,43.0,49.0,37.0
2016-01-29,0.0,,39.0,45.0,32.0
2016-01-30,0.4,,41.0,43.0,37.0
2016-01-31,0.05,,42.0,51.0,37.0
2016-02-01,0.01,,49.0,51.0,47.0
2016-02-02,0.19,,46.0,48.0,40.0
2016-02-03,0.08,,38.0,42.0,33.0
2016-02-04,0.17,,38.0,43.0,34.0
2016-02-05,0.0,,43.0,47.0,38.0
2016-02-06,0.02,,45.0,53.0,38.0
2016-02-07,0.05,,44.0,50.0,39.0
2016-02-08,0.41,,43.0,49.0,39.0
2016-02-09,0.56,,42.0,49.0,36.0
2016-02-10,0.06,,36.0,37.0,33.0
2016-02-11,0.01,,36.0,38.0,31.0
2016-02-12,0.01,,34.0,38.0,31.0
2016-02-13,0.58,,37.0,43.0,32.0
2016-02-14,0.01,,38.0,43.0,33.0
2016-02-15,0.0,,32.0,35.0,29.0
2016-02-16,0.0,,29.0,36.0,25.0
2016-02-17,0.0,,29.0,32.0,24.0
2016-02-18,0.0,,32.0,37.0,30.0
2016-02-19,0.09,,35.0,41.0,31.0
2016-02-20,0.27,,42.0,50.0,35.0
2016-02-21,0.03,,48.0,50.0,47.0
2016-02-22,0.42,,46.0,49.0,41.0
2016-02-23,0.09,,36.0,43.0,31.0
2016-02-24,0.0,,32.0,36.0,26.0
2016-02-25,0.0,,34.0,42.0,28.0
2016-02-26,0.0,,33.0,39.0,27.0
2016-02-27,0.0,,35.0,43.0,29.0
2016-02-28,0.0,,35.0,40.0,30.0
2016-02-29,0.0,,35.0,43.0,29.0
2016-03-01,0.1,,32.0,39.0,22.0
2016-03-02,0.2,,40.0,46.0,33.0
2016-03-03,0.12,,34.0,38.0,29.0
2016-03-04,0.34,,33.0,38.0,29.0
2016-03-05,0.02,,36.0,40.0,32.0
2016-03-06,0.04,,34.0,37.0,28.0
2016-03-07,0.0,,33.0,40.0,29.0
2016-03-08,0.0,,33.0,40.0,26.0
2016-03-09,0.0,,35.0,42.0,27.0
2016-03-10,0.0,,38.0,47.0,30.0
2016-03-11,0.0,,39.0,45.0,31.0
2016-03-12,0.0,,38.0,47.0,33.0
2016-03-13,0.0,,39.0,48.0,32.0
2016-03-14,0.0,,38.0,47.0,31.0
2016-03-15,0.01,,39.0,48.0,33.0
2016-03-16,0.0,,38.0,43.0,35.0
2016-03-17,0.0,,43.0,54.0,32.0
2016-03-18,0.0,,45.0,58.0,33.0
2016-03-19,0.0,,38.0,41.0,33.0
2016-03-20,0.0,,38.0,41.0,36.0
2016-03-21,0.0,,42.0,47.0,38.0
2016-03-22,0.0,,44.0,50.0,38.0
2016-03-23,0.0,,44.0,51.0,40.0
2016-03-24,0.03,,43.0,46.0,40.0
2016-03-25,0.22,,42.0,46.0,38.0
2016-03-26,0.03,,47.0,55.0,35.0
2016-03-27,0.04,,46.0,52.0,41.0
2016-03-28,0.41,,44.0,50.0,38.0
2016-03-29,0.13,,45.0,53.0,40.0
2016-03-30,0.16,,46.0,49.0,44.0
2016-03-31,0.43,,42.0,44.0,36.0
2016-04-01,0.0,,40.0,44.0,36.0
2016-04-02,0.0,,48.0,58.0,38.0
2016-04-03,0.09,,53.0,61.0,48.0
2016-04-04,0.19,,53.0,58.0,49.0
2016-04-05,0.13,,50.0,54.0,43.0
2016-04-06,0.08,,47.0,55.0,38.0
2016-04-07,0.05,,42.0,50.0,35.0
2016-04-08,0.0,,42.0,51.0,32.0
2016-04-09,0.0,,46.0,54.0,35.0
2016-04-10,0.0,,51.0,62.0,42.0
2016-04-11,0.0,,52.0,64.0,44.0
2016-04-12,0.17,,50.0,60.0,43.0
2016-04-13,0.07,,46.0,53.0,40.0
2016-04-14,0.03,,50.0,59.0,40.0
2016-04-15,0.04,,52.0,58.0,48.0
2016-04-16,0.07,,49.0,56.0,43.0
2016-04-17,0.0,,44.0,50.0,37.0
2016-04-18,0.0,,44.0,55.0,33.0
2016-04-19,0.0,,46.0,54.0,35.0
2016-04-20,0.0,,50.0,61.0,39.0
2016-04-21,0.0,,57.0,70.0,43.0
2016-04-22,0.21,,56.0,63.0,51.0
2016-04-23,0.07,2.8,42.0,51.0,34.0
2016-04-24,0.04,,36.0,42.0,29.0
2016-04-25,0.66,,37.0,41.0,31.0
2016-04-26,0.0,,37.0,47.0,33.0
2016-04-27,0.19,,35.0,44.0,31.0
2016-04-28,0.01,,38.0,48.0,27.0
2016-04-29,0.0,,44.0,51.0,35.0
2016-04-30,0.84,,44.0,53.0,39.0
2016-05-01,0.04,,47.0,57.0,39.0
2016-05-02,0.06,,56.0,66.0,44.0
2016-05-03,0.01,,51.0,58.0,45.0
2016-05-04,0.0,,50.0,59.0,38.0
2016-05-05,0.0,,54.0,66.0,40.0
2016-05-06,0.0,,61.0,72.0,46.0
2016-05-07,0.02,,65.0,75.0,51.0
2016-05-08,0.0,,66.0,76.0,53.0
2016-05-09,0.14,,64.0,74.0,53.0
2016-05-10,0.11,,60.0,66.0,55.0
2016-05-11,0.0,,63.0,74.0,53.0
2016-05-12,0.0,,59.0,66.0,53.0
2016-05-13,0.35,,59.0,72.0,52.0
2016-05-14,0.0,,49.0,56.0,38.0
2016-05-15,0.02,,44.0,52.0,35.0
2016-05-16,0.0,,47.0,54.0,41.0
2016-05-17,0.0,,51.0,60.0,40.0
2016-05-18,0.03,,54.0,61.0,48.0
2016-05-19,0.0,,51.0,60.0,44.0
2016-05-20,0.0,,53.0,59.0,45.0
2016-05-21,0.0,,60.0,71.0,49.0
2016-05-22,0.32,,60.0,66.0,51.0
2016-05-23,0.01,,51.0,56.0,48.0
2016-05-24,0.0,,51.0,58.0,48.0
2016-05-25,0.0,,54.0,62.0,47.0
2016-05-26,1.08,,61.0,74.0,49.0
2016-05-27,0.28,,62.0,72.0,55.0
2016-05-28,0.11,,61.0,73.0,53.0
2016-05-29,0.71,,61.0,67.0,56.0
2016-05-30,1.39,,58.0,62.0,54.0
2016-05-31,0.04,,55.0,60.0,53.0
2016-06-01,0.94,,59.0,67.0,54.0
2016-06-02,0.29,,60.0,66.0,56.0
2016-06-03,0.11,,62.0,71.0,57.0
2016-06-04,0.43,,61.0,70.0,57.0
2016-06-05,0.05,,63.0,75.0,56.0
2016-06-06,0.1,,69.0,79.0,58.0
2016-06-07,0.48,,67.0,82.0,57.0
2016-06-08,0.13,,63.0,73.0,57.0
2016-06-09,0.0,,62.0,74.0,52.0
2016-06-10,0.0,,63.0,74.0,50.0
2016-06-11,0.22,,60.0,64.0,57.0
2016-06-12,0.52,,61.0,69.0,55.0
2016-06-13,0.18,,58.0,62.0,55.0
2016-06-14,0.1,,58.0,63.0,53.0
2016-06-15,0.48,,55.0,62.0,51.0
2016-06-16,0.26,,55.0,61.0,49.0
2016-06-17,0.15,,55.0,63.0,48.0
2016-06-18,0.01,,56.0,66.0,51.0
2016-06-19,0.0,,56.0,65.0,49.0
2016-06-20,0.14,,57.0,66.0,47.0
2016-06-21,0.05,,62.0,65.0,58.0
2016-06-22,0.0,,68.0,76.0,61.0
2016-06-23,0.0,,77.0,89.0,62.0
2016-06-24,0.23,,74.0,81.0,66.0
2016-06-25,0.28,,60.0,66.0,52.0
2016-06-26,0.0,,57.0,67.0,50.0
2016-06-27,0.11,,58.0,64.0,49.0
2016-06-28,0.06,,62.0,70.0,55.0
2016-06-29,0.0,,64.0,70.0,59.0
2016-06-30,0.0,,63.0,69.0,58.0
2016-07-01,0.0,,64.0,70.0,59.0
2016-07-02,0.04,,58.0,66.0,51.0
2016-07-03,0.02,,57.0,62.0,51.0
2016-07-04,0.12,,61.0,71.0,55.0
2016-07-05,0.0,,63.0,71.0,56.0
2016-07-06,0.0,,61.0,71.0,50.0
2016-07-07,0.0,,66.0,76.0,52.0
2016-07-08,0.01,,69.0,79.0,58.0
2016-07-09,0.0,,68.0,77.0,58.0
2016-07-10,0.0,,74.0,85.0,62.0
2016-07-11,0.0,,68.0,73.0,59.0
2016-07-12,0.43,,64.0,74.0,56.0
2016-07-13,0.09,,56.0,64.0,51.0
2016-07-14,0.12,,55.0,65.0,49.0
2016-07-15,0.0,,58.0,68.0,47.0
2016-07-16,0.0,,63.0,73.0,53.0
2016-07-17,0.0,,70.0,80.0,60.0
2016-07-18,0.0,,71.0,82.0,61.0
2016-07-19,0.0,,76.0,86.0,65.0
2016-07-20,0.36,,78.0,92.0,66.0
2016-07-21,2.38,,69.0,81.0,63.0
2016-07-22,1.73,,70.0,82.0,60.0
2016-07-23,0.17,,67.0,78.0,61.0
2016-07-24,0.0,,70.0,80.0,63.0
2016-07-25,0.04,,70.0,78.0,60.0
2016-07-26,0.15,,67.0,75.0,61.0
2016-07-27,0.0,,65.0,73.0,56.0
2016-07-28,0.01,,65.0,71.0,60.0
2016-07-29,0.01,,66.0,74.0,59.0
2016-07-30,0.0,,67.0,75.0,60.0
2016-07-31,0.0,,62.0,71.0,53.0
2016-08-01,0.02,,63.0,73.0,51.0
2016-08-02,0.43,,60.0,64.0,56.0
2016-08-03,0.15,,65.0,73.0,61.0
2016-08-04,0.09,,61.0,64.0,55.0
2016-08-05,0.01,,60.0,70.0,54.0
2016-08-06,0.0,,63.0,72.0,53.0
2016-08-07,0.0,,67.0,79.0,53.0
2016-08-08,0.0,,64.0,70.0,59.0
2016-08-09,0.0,,59.0,67.0,49.0
2016-08-10,0.0,,52.0,62.0,44.0
2016-08-11,0.07,,53.0,63.0,43.0
2016-08-12,0.0,,62.0,71.0,54.0
2016-08-13,0.0,,68.0,80.0,56.0
2016-08-14,0.0,,69.0,80.0,57.0
2016-08-15,0.0,,69.0,79.0,60.0
2016-08-16,0.0,,69.0,80.0,59.0
2016-08-17,0.0,,68.0,78.0,59.0
2016-08-18,0.06,,65.0,73.0,60.0
2016-08-19,0.0,,64.0,72.0,57.0
2016-08-20,0.0,,63.0,70.0,56.0
2016-08-21,0.0,,58.0,65.0,53.0
2016-08-22,0.0,,62.0,75.0,52.0
2016-08-23,0.0,,71.0,83.0,58.0
2016-08-24,0.0,,75.0,88.0,61.0
2016-08-25,0.0,,78.0,89.0,63.0
2016-08-26,0.0,,81.0,95.0,67.0
2016-08-27,0.0,,81.0,94.0,69.0
2016-08-28,0.0,,73.0,86.0,63.0
2016-08-29,0.0,,64.0,72.0,56.0
2016-08-30,0.0,,66.0,76.0,57.0
2016-08-31,0.0,,68.0,80.0,58.0
2016-09-01,0.0,,66.0,78.0,55.0
2016-09-02,0.0,,67.0,77.0,55.0
2016-09-03,0.09,,69.0,79.0,59.0
2016-09-04,0.27,,62.0,67.0,58.0
2016-09-05,0.0,,62.0,71.0,56.0
2016-09-06,0.0,,64.0,76.0,52.0
2016-09-07,0.0,,67.0,79.0,58.0
2016-09-08,0.0,,68.0,81.0,58.0
2016-09-09,0.0,,64.0,77.0,51.0
2016-09-10,0.0,,67.0,80.0,54.0
2016-09-11,0.0,,68.0,79.0,57.0
2016-09-12,0.0,,73.0,86.0,62.0
2016-09-13,0.0,,76.0,87.0,64.0
2016-09-14,0.0,,76.0,86.0,65.0
2016-09-15,0.26,,66.0,72.0,58.0
2016-09-16,0.0,,59.0,63.0,54.0
2016-09-17,0.13,,58.0,71.0,51.0
2016-09-18,0.0,,60.0,67.0,54.0
2016-09-19,0.0,,58.0,63.0,54.0
2016-09-20,0.0,,56.0,59.0,53.0
2016-09-21,0.0,,59.0,68.0,50.0
2016-09-22,0.0,,57.0,67.0,47.0
2016-09-23,0.0,,60.0,71.0,50.0
2016-09-24,0.0,,62.0,72.0,51.0
2016-09-25,0.0,,62.0,76.0,52.0
2016-09-26,0.0,,58.0,67.0,49.0
2016-09-27,0.0,,60.0,71.0,50.0
2016-09-28,0.0,,59.0,67.0,49.0
2016-09-29,0.0,,62.0,73.0,52.0
2016-09-30,0.4,,56.0,58.0,54.0
2016-10-01,0.34,,54.0,60.0,52.0
2016-10-02,0.03,,51.0,54.0,47.0
2016-10-03,0.0,,51.0,59.0,45.0
2016-10-04,0.0,,51.0,58.0,45.0
2016-10-05,0.0,,47.0,56.0,41.0
2016-10-06,0.0,,46.0,53.0,40.0
2016-10-07,0.0,,51.0,57.0,47.0
2016-10-08,0.03,,48.0,54.0,42.0
2016-10-09,0.0,,45.0,53.0,39.0
2016-10-10,0.0,,46.0,54.0,38.0
2016-10-11,0.0,,47.0,55.0,40.0
2016-10-12,0.0,,46.0,52.0,41.0
2016-10-13,0.0,,45.0,54.0,39.0
2016-10-14,0.1,,47.0,53.0,43.0
2016-10-15,0.01,,50.0,54.0,46.0
2016-10-16,0.0,,52.0,63.0,44.0
2016-10-17,0.01,,52.0,57.0,46.0
2016-10-18,0.06,,50.0,55.0,46.0
2016-10-19,0.09,,46.0,50.0,42.0
2016-10-20,0.17,,46.0,50.0,42.0
2016-10-21,0.0,,43.0,49.0,39.0
2016-10-22,0.01,,43.0,47.0,40.0
2016-10-23,0.13,,44.0,51.0,40.0
2016-10-24,0.51,,49.0,53.0,44.0
2016-10-25,0.0,,51.0,54.0,49.0
2016-10-26,0.0,,47.0,55.0,42.0
2016-10-27,0.0,,45.0,51.0,37.0
2016-10-28,0.0,,46.0,51.0,39.0
2016-10-29,0.0,,53.0,60.0,45.0
2016-10-30,0.0,,49.0,60.0,39.0
2016-10-31,0.0,,49.0,58.0,43.0
2016-11-01,0.0,,47.0,56.0,39.0
2016-11-02,0.0,,45.0,52.0,38.0
2016-11-03,0.0,,40.0,46.0,35.0
2016-11-04,0.11,,39.0,42.0,33.0
2016-11-05,0.22,,42.0,45.0,36.0
2016-11-06,0.01,,37.0,41.0,32.0
2016-11-07,0.01,,35.0,39.0,33.0
2016-11-08,0.03,,36.0,41.0,32.0
2016-11-09,0.26,,36.0,41.0,33.0
2016-11-10,0.31,,42.0,46.0,40.0
2016-11-11,0.02,,38.0,41.0,35.0
2016-11-12,0.0,,35.0,37.0,34.0
2016-11-13,0.02,,36.0,41.0,34.0
2016-11-14,0.0,,33.0,38.0,29.0
2016-11-15,0.13,,37.0,44.0,31.0
2016-11-16,0.11,,47.0,50.0,44.0
2016-11-17,0.49,,49.0,51.0,46.0
2016-11-18,0.2,,45.0,50.0,36.0
2016-11-19,0.0,,39.0,42.0,36.0
2016-11-20,0.08,,47.0,56.0,37.0
2016-11-21,0.83,,50.0,56.0,47.0
2016-11-22,0.13,,47.0,50.0,45.0
2016-11-23,0.0,,50.0,58.0,43.0
2016-11-24,0.0,,51.0,55.0,44.0
2016-11-25,0.0,,44.0,47.0,43.0
2016-11-26,0.0,,43.0,45.0,42.0
2016-11-27,0.0,,41.0,44.0,36.0
2016-11-28,0.0,,33.0,38.0,27.0
2016-11-29,0.0,,30.0,37.0,24.0
2016-11-30,0.0,,30.0,39.0,22.0
2016-12-01,0.0,,32.0,36.0,26.0
2016-12-02,0.0,,40.0,46.0,35.0
2016-12-03,0.0,,33.0,39.0,29.0
2016-12-04,0.0,,30.0,38.0,23.0
2016-12-05,0.0,,28.0,35.0,23.0
2016-12-06,0.0,,28.0,35.0,22.0
2016-12-07,0.0,,27.0,33.0,22.0
2016-12-08,0.0,,29.0,33.0,25.0
2016-12-09,0.0,,36.0,42.0,30.0
2016-12-10,0.01,,37.0,43.0,31.0
2016-12-11,0.0,,42.0,46.0,40.0
2016-12-12,0.0,,40.0,44.0,34.0
2016-12-13,0.02,,36.0,38.0,34.0
2016-12-14,0.0,,40.0,47.0,37.0
2016-12-15,0.0,,40.0,42.0,38.0
2016-12-16,0.0,,36.0,39.0,33.0
2016-12-17,0.0,,35.0,40.0,33.0
2016-12-18,0.0,,39.0,41.0,37.0
2016-12-19,0.0,,36.0,40.0,30.0
2016-12-20,0.0,,31.0,33.0,28.0
2016-12-21,0.0,,33.0,37.0,29.0
2016-12-22,0.16,,35.0,37.0,32.0
2016-12-23,0.01,,37.0,39.0,35.0
2016-12-24,0.01,,42.0,44.0,39.0
2016-12-25,0.0,,43.0,44.0,42.0
2016-12-26,0.07,,42.0,47.0,33.0
2016-12-27,0.0,,33.0,40.0,29.0
2016-12-28,0.0,,31.0,34.0,24.0
2016-12-29,0.0,,33.0,40.0,28.0
2016-12-30,0.0,,30.0,40.0,23.0
2016-12-31,0.0,,23.0,25.0,20.0
2017-01-01,0.0,,24.0,26.0,23.0
2017-01-02,0.02,0.4,29.0,32.0,26.0
2017-01-03,0.0,0.4,29.0,31.0,28.0
2017-01-04,0.05,,33.0,35.0,30.0
2017-01-05,0.03,0.4,30.0,35.0,22.0
2017-01-06,0.0,0.4,20.0,25.0,17.0
2017-01-07,0.01,0.4,21.0,26.0,15.0
2017-01-08,0.01,0.4,32.0,36.0,26.0
2017-01-09,0.08,0.4,33.0,36.0,31.0
2017-01-10,0.05,0.4,33.0,36.0,31.0
2017-01-11,0.03,,38.0,42.0,33.0
2017-01-12,0.35,,38.0,41.0,36.0
2017-01-13,0.03,0.4,32.0,36.0,31.0
2017-01-14,0.0,0.8,32.0,34.0,30.0
2017-01-15,0.0,0.4,31.0,34.0,28.0
2017-01-16,0.0,0.4,28.0,33.0,24.0
2017-01-17,0.0,0.4,24.0,28.0,20.0
2017-01-18,0.0,0.4,23.0,27.0,19.0
2017-01-19,0.0,0.4,24.0,31.0,19.0
2017-01-20,0.0,,28.0,36.0,22.0
2017-01-21,0.0,,27.0,34.0,21.0
2017-01-22,0.0,,26.0,35.0,18.0
2017-01-23,0.0,,24.0,32.0,18.0
2017-01-24,0.0,,28.0,31.0,25.0
2017-01-25,0.0,,24.0,26.0,22.0
2017-01-26,0.0,,24.0,29.0,22.0
2017-01-27,0.0,,28.0,34.0,20.0
2017-01-28,0.02,,32.0,37.0,27.0
2017-01-29,0.2,,36.0,41.0,33.0
2017-01-30,0.11,,39.0,43.0,35.0
2017-01-31,0.0,,36.0,43.0,31.0
2017-02-01,0.0,,34.0,39.0,31.0
2017-02-02,0.08,,44.0,51.0,38.0
2017-02-03,0.14,,45.0,47.0,40.0
2017-02-04,0.34,,40.0,41.0,37.0
2017-02-05,0.12,,38.0,40.0,35.0
2017-02-06,0.0,,40.0,46.0,36.0
2017-02-07,0.11,,38.0,39.0,36.0
2017-02-08,0.0,,37.0,39.0,34.0
2017-02-09,0.0,,32.0,36.0,30.0
2017-02-10,0.03,,31.0,34.0,28.0
2017-02-11,0.02,0.4,32.0,35.0,30.0
2017-02-12,0.0,,38.0,45.0,32.0
2017-02-13,0.0,,35.0,41.0,29.0
2017-02-14,0.0,,38.0,49.0,28.0
2017-02-15,0.0,,44.0,54.0,33.0
2017-02-16,0.23,,42.0,46.0,38.0
2017-02-17,0.05,,42.0,46.0,39.0
2017-02-18,0.0,,41.0,49.0,33.0
2017-02-19,0.0,,40.0,48.0,29.0
2017-02-20,0.04,,44.0,47.0,41.0
2017-02-21,0.11,,48.0,51.0,47.0
2017-02-22,0.04,,46.0,48.0,45.0
2017-02-23,0.11,,44.0,46.0,40.0
2017-02-24,0.1,,37.0,45.0,30.0
2017-02-25,0.0,,33.0,38.0,27.0
2017-02-26,0.0,,42.0,52.0,35.0
2017-02-27,0.33,,46.0,51.0,39.0
2017-02-28,0.28,,38.0,41.0,33.0
2017-03-01,0.22,,41.0,46.0,36.0
2017-03-02,0.0,,43.0,49.0,37.0
2017-03-03,0.0,,44.0,53.0,35.0
2017-03-04,0.1,,47.0,58.0,40.0
2017-03-05,0.22,,40.0,45.0,37.0
2017-03-06,0.07,,41.0,46.0,37.0
2017-03-07,0.19,,39.0,47.0,35.0
2017-03-08,0.2,,40.0,51.0,32.0
2017-03-09,0.39,,50.0,57.0,43.0
2017-03-10,0.0,,44.0,53.0,34.0
2017-03-11,0.0,,46.0,58.0,36.0
2017-03-12,0.0,,48.0,60.0,38.0
2017-03-13,0.0,,49.0,60.0,39.0
2017-03-14,0.0,,48.0,58.0,40.0
2017-03-15,0.0,,51.0,59.0,40.0
2017-03-16,0.0,,52.0,64.0,39.0
2017-03-17,0.03,,49.0,53.0,44.0
2017-03-18,0.11,,45.0,50.0,40.0
2017-03-19,0.0,,49.0,53.0,48.0
2017-03-20,0.06,,48.0,51.0,45.0
2017-03-21,0.19,,44.0,48.0,35.0
2017-03-22,0.0,,40.0,44.0,33.0
2017-03-23,0.0,,47.0,58.0,35.0
2017-03-24,0.0,,47.0,54.0,42.0
2017-03-25,0.0,,49.0,61.0,39.0
2017-03-26,0.0,,51.0,62.0,42.0
2017-03-27,0.0,,52.0,62.0,41.0
2017-03-28,0.0,,55.0,67.0,46.0
2017-03-29,0.0,,52.0,62.0,43.0
2017-03-30,0.0,,58.0,68.0,48.0
2017-03-31,0.0,,59.0,69.0,49.0
2017-04-01,0.0,,51.0,57.0,41.0
2017-04-02,0.0,,51.0,63.0,38.0
2017-04-03,0.0,,55.0,64.0,47.0
2017-04-04,0.0,,52.0,61.0,39.0
2017-04-05,0.0,,49.0,59.0,41.0
2017-04-06,0.0,,43.0,51.0,37.0
2017-04-07,0.0,,48.0,60.0,33.0
2017-04-08,0.0,,53.0,65.0,40.0
2017-04-09,0.0,,60.0,71.0,47.0
2017-04-10,0.0,,54.0,62.0,42.0
2017-04-11,0.0,,47.0,57.0,37.0
2017-04-12,0.0,,51.0,61.0,39.0
2017-04-13,0.0,,50.0,58.0,43.0
2017-04-14,0.0,,50.0,59.0,43.0
2017-04-15,0.0,,46.0,51.0,42.0
2017-04-16,0.06,,44.0,49.0,42.0
2017-04-17,0.06,,43.0,49.0,36.0
2017-04-18,0.0,,40.0,50.0,31.0
2017-04-19,0.0,,38.0,46.0,32.0
2017-04-20,0.0,,42.0,52.0,31.0
2017-04-21,0.0,,49.0,60.0,33.0
2017-04-22,0.0,,48.0,53.0,36.0
2017-04-23,0.0,,44.0,54.0,35.0
2017-04-24,0.0,,49.0,61.0,35.0
2017-04-25,0.01,,43.0,49.0,37.0
2017-04-26,0.0,,42.0,49.0,36.0
2017-04-27,0.0,,43.0,53.0,34.0
2017-04-28,0.02,,41.0,49.0,30.0
2017-04-29,0.0,,47.0,58.0,35.0
2017-04-30,0.06,,54.0,66.0,37.0
2017-05-01,0.0,,49.0,56.0,43.0
2017-05-02,0.19,,48.0,56.0,39.0
2017-05-03,0.19,,49.0,57.0,45.0
2017-05-04,0.0,,52.0,61.0,45.0
2017-05-05,0.0,,52.0,61.0,47.0
2017-05-06,0.18,,53.0,61.0,45.0
2017-05-07,0.0,,54.0,60.0,49.0
2017-05-08,0.0,,46.0,49.0,43.0
2017-05-09,0.0,,50.0,59.0,40.0
2017-05-10,0.0,,55.0,67.0,41.0
2017-05-11,0.11,,58.0,70.0,51.0
2017-05-12,0.0,,58.0,69.0,53.0
2017-05-13,0.09,,58.0,68.0,52.0
2017-05-14,0.13,,57.0,68.0,50.0
2017-05-15,0.0,,60.0,70.0,45.0
2017-05-16,0.0,,67.0,78.0,54.0
2017-05-17,0.0,,71.0,82.0,59.0
2017-05-18,0.04,,65.0,70.0,59.0
2017-05-19,0.49,,51.0,59.0,44.0
2017-05-20,0.0,,51.0,61.0,42.0
2017-05-21,0.0,,58.0,69.0,44.0
2017-05-22,0.0,,64.0,74.0,53.0
2017-05-23,0.0,,66.0,76.0,55.0
2017-05-24,0.0,,63.0,73.0,53.0
2017-05-25,0.0,,65.0,76.0,53.0
2017-05-26,0.0,,68.0,80.0,57.0
2017-05-27,0.0,,74.0,85.0,61.0
2017-05-28,0.0,,77.0,89.0,65.0
2017-05-29,0.0,,77.0,89.0,66.0
2017-05-30,0.08,,69.0,78.0,56.0
2017-05-31,0.0,,65.0,76.0,51.0
2017-06-01,0.0,,70.0,81.0,59.0
2017-06-02,0.11,,69.0,77.0,63.0
2017-06-03,0.34,,68.0,78.0,59.0
2017-06-04,0.0,,57.0,65.0,51.0
2017-06-05,0.03,,60.0,72.0,48.0
2017-06-06,0.31,,54.0,64.0,46.0
2017-06-07,0.07,,55.0,62.0,46.0
2017-06-08,0.0,,62.0,74.0,48.0
2017-06-09,0.22,,61.0,68.0,51.0
2017-06-10,0.0,,65.0,75.0,49.0
2017-06-11,0.0,,72.0,82.0,61.0
2017-06-12,0.0,,64.0,69.0,53.0
2017-06-13,0.0,,63.0,75.0,49.0
2017-06-14,0.0,,69.0,81.0,56.0
2017-06-15,0.0,,72.0,85.0,62.0
2017-06-16,0.0,,62.0,70.0,54.0
2017-06-17,0.0,,62.0,74.0,50.0
2017-06-18,0.0,,71.0,80.0,62.0
2017-06-19,0.0,,75.0,86.0,62.0
2017-06-20,0.0,,80.0,93.0,68.0
2017-06-21,0.0,,80.0,91.0,69.0
2017-06-22,0.0,,82.0,96.0,68.0
2017-06-23,0.0,,67.0,74.0,60.0
2017-06-24,0.0,,65.0,74.0,55.0
2017-06-25,0.0,,66.0,73.0,57.0
2017-06-26,0.16,,71.0,83.0,59.0
2017-06-27,0.6,,66.0,73.0,61.0
2017-06-28,0.13,,63.0,72.0,60.0
2017-06-29,0.07,,62.0,68.0,55.0
2017-06-30,0.08,,59.0,68.0,54.0
2017-07-01,0.25,,57.0,59.0,56.0
2017-07-02,0.37,,58.0,61.0,55.0
2017-07-03,0.0,,64.0,73.0,56.0
2017-07-04,0.0,,67.0,78.0,54.0
2017-07-05,0.0,,74.0,85.0,58.0
2017-07-06,0.63,,76.0,90.0,62.0
2017-07-07,0.0,,74.0,86.0,62.0
2017-07-08,0.0,,74.0,84.0,62.0
2017-07-09,0.39,,71.0,82.0,64.0
2017-07-10,0.12,,66.0,73.0,63.0
2017-07-11,0.15,,62.0,70.0,59.0
2017-07-12,0.19,,61.0,68.0,54.0
2017-07-13,0.0,,61.0,72.0,49.0
2017-07-14,0.04,,62.0,73.0,53.0
2017-07-15,0.0,,60.0,69.0,50.0
2017-07-16,0.0,,66.0,76.0,58.0
2017-07-17,0.0,,71.0,81.0,61.0
2017-07-18,0.0,,74.0,85.0,63.0
2017-07-19,0.07,,78.0,88.0,67.0
2017-07-20,0.0,,69.0,76.0,59.0
2017-07-21,0.0,,68.0,78.0,55.0
2017-07-22,0.01,,69.0,78.0,60.0
2017-07-23,0.65,,62.0,68.0,55.0
2017-07-24,0.13,,57.0,65.0,53.0
2017-07-25,0.03,,59.0,66.0,54.0
2017-07-26,0.04,,64.0,72.0,56.0
2017-07-27,0.31,,62.0,68.0,56.0
2017-07-28,0.0,,62.0,71.0,54.0
2017-07-29,0.0,,70.0,80.0,60.0
2017-07-30,0.0,,71.0,77.0,64.0
2017-07-31,1.33,,68.0,76.0,59.0
2017-08-01,0.53,,65.0,73.0,62.0
2017-08-02,0.0,,70.0,32.0,30.0
2017-08-03,0.0,,70.0,77.0,65.0
2017-08-04,0.0,,66.0,73.0,62.0
2017-08-05,0.0,,65.0,71.0,56.0
2017-08-06,0.0,,62.0,73.0,51.0
2017-08-07,0.0,,67.0,77.0,53.0
2017-08-08,0.15,,62.0,67.0,55.0
2017-08-09,0.07,,59.0,71.0,53.0
2017-08-10,0.0,,57.0,62.0,53.0
2017-08-11,0.02,,58.0,67.0,52.0
2017-08-12,0.08,,57.0,61.0,54.0
2017-08-13,0.0,,63.0,72.0,56.0
2017-08-14,0.0,,67.0,78.0,55.0
2017-08-15,0.06,,66.0,72.0,61.0
2017-08-16,0.0,,65.0,74.0,59.0
2017-08-17,0.0,,66.0,75.0,60.0
2017-08-18,0.73,,62.0,66.0,54.0
2017-08-19,0.02,,56.0,65.0,49.0
2017-08-20,0.0,,57.0,66.0,48.0
2017-08-21,0.0,,61.0,66.0,54.0
2017-08-22,0.0,,66.0,75.0,58.0
2017-08-23,0.0,,70.0,81.0,58.0
2017-08-24,0.0,,64.0,71.0,56.0
2017-08-25,0.18,,67.0,77.0,59.0
2017-08-26,0.0,,69.0,78.0,61.0
2017-08-27,0.0,,69.0,76.0,63.0
2017-08-28,0.0,,71.0,83.0,62.0
2017-08-29,0.0,,74.0,85.0,59.0
2017-08-30,0.06,,71.0,78.0,63.0
2017-08-31,0.0,,59.0,65.0,52.0
2017-09-01,0.05,,57.0,67.0,50.0
2017-09-02,0.03,,55.0,65.0,48.0
2017-09-03,0.0,,54.0,63.0,45.0
2017-09-04,0.01,,57.0,64.0,50.0
2017-09-05,0.02,,64.0,74.0,56.0
2017-09-06,0.0,,59.0,64.0,53.0
2017-09-07,0.0,,56.0,62.0,50.0
2017-09-08,0.71,,57.0,61.0,51.0
2017-09-09,0.15,,55.0,61.0,48.0
2017-09-10,0.01,,53.0,62.0,47.0
2017-09-11,0.09,,55.0,60.0,52.0
2017-09-12,0.29,,53.0,60.0,49.0
2017-09-13,1.09,,54.0,63.0,50.0
2017-09-14,0.18,,51.0,56.0,46.0
2017-09-15,0.06,,49.0,59.0,43.0
2017-09-16,0.33,,47.0,57.0,40.0
2017-09-17,0.0,,49.0,58.0,43.0
2017-09-18,0.0,,49.0,58.0,45.0
2017-09-19,0.0,,51.0,59.0,45.0
2017-09-20,0.0,,51.0,60.0,46.0
2017-09-21,0.0,,54.0,63.0,43.0
2017-09-22,0.0,,57.0,67.0,47.0
2017-09-23,0.0,,57.0,65.0,51.0
2017-09-24,0.0,,56.0,66.0,49.0
2017-09-25,0.0,,56.0,66.0,50.0
2017-09-26,0.0,,57.0,65.0,49.0
2017-09-27,0.0,,58.0,67.0,47.0
2017-09-28,0.0,,61.0,68.0,54.0
2017-09-29,0.21,,64.0,73.0,57.0
2017-09-30,0.16,,55.0,63.0,47.0
2017-10-01,0.0,,51.0,59.0,43.0
2017-10-02,0.71,,56.0,62.0,52.0
2017-10-03,0.0,,52.0,60.0,45.0
2017-10-04,0.0,,50.0,56.0,44.0
2017-10-05,0.05,,49.0,54.0,42.0
2017-10-06,0.02,,47.0,53.0,43.0
2017-10-07,0.02,,47.0,51.0,40.0
2017-10-08,0.03,,52.0,59.0,49.0
2017-10-09,0.0,,52.0,58.0,48.0
2017-10-10,0.01,,54.0,60.0,49.0
2017-10-11,0.0,,54.0,59.0,50.0
2017-10-12,0.0,,56.0,63.0,51.0
2017-10-13,0.0,,58.0,64.0,52.0
2017-10-14,0.0,,60.0,68.0,51.0
2017-10-15,0.0,,59.0,68.0,51.0
2017-10-16,0.0,,60.0,71.0,52.0
2017-10-17,0.0,,60.0,69.0,52.0
2017-10-18,0.0,,57.0,65.0,47.0
2017-10-19,0.05,,58.0,68.0,47.0
2017-10-20,0.11,,53.0,59.0,45.0
2017-10-21,0.04,,52.0,57.0,45.0
2017-10-22,0.08,,46.0,50.0,44.0
2017-10-23,0.09,,48.0,51.0,44.0
2017-10-24,0.06,,53.0,56.0,50.0
2017-10-25,0.0,,56.0,62.0,49.0
2017-10-26,0.04,,52.0,59.0,47.0
2017-10-27,0.0,,50.0,56.0,44.0
2017-10-28,0.05,,45.0,49.0,39.0
2017-10-29,0.02,,48.0,54.0,37.0
2017-10-30,0.0,,42.0,50.0,36.0
2017-10-31,0.0,,42.0,52.0,32.0
2017-11-01,0.0,,46.0,56.0,38.0
2017-11-02,0.0,,47.0,51.0,39.0
2017-11-03,0.0,,48.0,52.0,44.0
2017-11-04,0.22,,50.0,59.0,44.0
2017-11-05,0.09,,44.0,52.0,34.0
2017-11-06,0.03,,39.0,45.0,32.0
2017-11-07,0.04,,38.0,42.0,34.0
2017-11-08,0.32,,41.0,42.0,40.0
2017-11-09,0.0,,41.0,44.0,40.0
2017-11-10,0.27,,42.0,47.0,39.0
2017-11-11,0.41,,43.0,50.0,38.0
2017-11-12,0.51,,38.0,41.0,35.0
2017-11-13,0.0,,40.0,45.0,35.0
2017-11-14,0.0,,36.0,43.0,31.0
2017-11-15,0.0,,40.0,47.0,36.0
2017-11-16,0.02,,36.0,39.0,31.0
2017-11-17,0.0,,40.0,44.0,35.0
2017-11-18,0.04,,35.0,40.0,29.0
2017-11-19,0.0,,39.0,44.0,32.0
2017-11-20,0.25,,36.0,44.0,31.0
2017-11-21,0.02,,44.0,45.0,42.0
2017-11-22,0.0,,46.0,51.0,42.0
2017-11-23,0.42,,50.0,56.0,42.0
2017-11-24,0.22,,49.0,52.0,45.0
2017-11-25,0.06,,40.0,45.0,34.0
2017-11-26,0.0,,35.0,36.0,34.0
2017-11-27,0.6,,38.0,42.0,35.0
2017-11-28,0.09,,38.0,42.0,35.0
2017-11-29,0.09,,35.0,36.0,33.0
2017-11-30,0.09,,34.0,36.0,31.0
2017-12-01,0.03,1.6,31.0,33.0,29.0
2017-12-02,0.0,1.2,29.0,32.0,24.0
2017-12-03,0.0,0.8,28.0,29.0,26.0
2017-12-04,0.0,0.4,32.0,35.0,29.0
2017-12-05,0.0,,36.0,37.0,35.0
2017-12-06,0.0,,38.0,41.0,34.0
2017-12-07,0.34,,35.0,43.0,29.0
2017-12-08,0.17,0.4,34.0,43.0,29.0
2017-12-09,0.0,0.4,30.0,31.0,28.0
2017-12-10,0.47,2.0,34.0,42.0,27.0
2017-12-11,0.71,,42.0,47.0,33.0
2017-12-12,0.0,,34.0,36.0,31.0
2017-12-13,0.64,1.2,34.0,41.0,31.0
2017-12-14,0.09,0.4,37.0,40.0,35.0
2017-12-15,0.32,,35.0,37.0,32.0
2017-12-16,0.0,,35.0,38.0,32.0
2017-12-17,0.06,,32.0,34.0,30.0
2017-12-18,0.06,0.4,35.0,40.0,30.0
2017-12-19,0.14,,38.0,40.0,35.0
2017-12-20,0.02,,40.0,42.0,38.0
2017-12-21,0.09,,43.0,45.0,42.0
2017-12-22,0.0,,46.0,47.0,44.0
2017-12-23,0.0,,44.0,45.0,43.0
2017-12-24,0.01,,43.0,44.0,41.0
2017-12-25,0.0,,37.0,41.0,33.0
2017-12-26,0.22,,38.0,42.0,32.0
2017-12-27,0.12,,38.0,41.0,35.0
2017-12-28,0.0,,34.0,36.0,31.0
2017-12-29,0.35,3.5,33.0,37.0,31.0
2017-12-30,0.69,1.2,45.0,54.0,35.0
2017-12-31,0.12,,51.0,54.0,46.0
2018-01-01,0.42,,41.0,46.0,38.0
2018-01-02,0.32,,40.0,43.0,38.0
2018-01-03,0.3,,44.0,51.0,41.0
2018-01-04,0.49,,45.0,53.0,40.0
2018-01-05,0.05,,44.0,46.0,42.0
2018-01-06,0.34,,43.0,45.0,40.0
2018-01-07,0.0,,39.0,41.0,38.0
2018-01-08,0.0,,39.0,41.0,37.0
2018-01-09,0.01,,40.0,46.0,35.0
2018-01-10,0.01,,41.0,43.0,40.0
2018-01-11,0.01,,42.0,45.0,41.0
2018-01-12,0.0,,41.0,43.0,37.0
2018-01-13,0.0,,37.0,38.0,34.0
2018-01-14,0.0,,34.0,39.0,29.0
2018-01-15,0.38,,36.0,44.0,29.0
2018-01-16,0.55,,40.0,43.0,32.0
2018-01-17,0.19,0.4,35.0,38.0,32.0
2018-01-18,0.2,,41.0,49.0,33.0
2018-01-19,0.04,,36.0,38.0,33.0
2018-01-20,0.35,,33.0,35.0,32.0
2018-01-21,0.16,,34.0,38.0,32.0
2018-01-22,0.16,0.4,42.0,47.0,33.0
2018-01-23,0.09,,42.0,45.0,40.0
2018-01-24,0.05,,47.0,49.0,45.0
2018-01-25,0.86,,45.0,49.0,41.0
2018-01-26,0.0,,41.0,45.0,35.0
2018-01-27,0.0,,34.0,38.0,28.0
2018-01-28,0.02,,40.0,44.0,37.0
2018-01-29,0.02,,45.0,46.0,44.0
2018-01-30,0.15,,42.0,46.0,36.0
2018-01-31,0.44,,42.0,45.0,35.0
2018-02-01,0.04,,34.0,36.0,29.0
2018-02-02,0.03,0.4,33.0,37.0,30.0
2018-02-03,0.2,,33.0,38.0,30.0
2018-02-04,0.0,2.0,30.0,32.0,26.0
2018-02-05,0.03,1.6,31.0,36.0,27.0
2018-02-06,0.11,3.9,29.0,30.0,26.0
2018-02-07,0.0,2.0,29.0,33.0,23.0
2018-02-08,0.0,2.0,26.0,34.0,20.0
2018-02-09,0.0,1.6,26.0,30.0,21.0
2018-02-10,0.01,2.0,31.0,33.0,28.0
2018-02-11,0.05,1.2,34.0,37.0,30.0
2018-02-12,0.01,2.0,31.0,37.0,26.0
2018-02-13,0.0,0.8,29.0,36.0,24.0
2018-02-14,0.04,0.4,30.0,38.0,22.0
2018-02-15,0.08,0.4,36.0,41.0,30.0
2018-02-16,0.0,,38.0,45.0,31.0
2018-02-17,0.0,,34.0,38.0,28.0
2018-02-18,0.0,,32.0,39.0,26.0
2018-02-19,0.0,,30.0,33.0,26.0
2018-02-20,0.0,,32.0,37.0,27.0
2018-02-21,0.0,,33.0,42.0,26.0
2018-02-22,0.0,,30.0,37.0,25.0
2018-02-23,0.0,,28.0,35.0,23.0
2018-02-24,0.0,,29.0,40.0,21.0
2018-02-25,0.0,,25.0,31.0,18.0
2018-02-26,0.0,,21.0,28.0,16.0
2018-02-27,0.0,,19.0,24.0,13.0
2018-02-28,0.0,,18.0,26.0,10.0
2018-03-01,0.0,,24.0,32.0,17.0
2018-03-02,0.06,1.2,25.0,29.0,23.0
2018-03-03,0.06,0.8,29.0,35.0,24.0
2018-03-04,0.04,0.4,38.0,45.0,32.0
2018-03-05,0.0,,43.0,52.0,36.0
2018-03-06,0.0,,42.0,51.0,36.0
2018-03-07,0.09,,38.0,40.0,36.0
2018-03-08,0.18,,39.0,48.0,35.0
2018-03-09,0.21,,41.0,46.0,35.0
2018-03-10,0.03,,48.0,51.0,46.0
2018-03-11,0.03,,50.0,52.0,45.0
2018-03-12,0.08,,47.0,51.0,44.0
2018-03-13,0.03,,42.0,44.0,39.0
2018-03-14,0.0,,43.0,52.0,35.0
2018-03-15,0.24,,41.0,44.0,38.0
2018-03-16,0.06,,45.0,53.0,40.0
2018-03-17,0.0,,32.0,42.0,24.0
2018-03-18,0.0,,25.0,28.0,23.0
2018-03-19,0.0,,29.0,38.0,24.0
2018-03-20,0.0,,33.0,43.0,24.0
2018-03-21,0.0,,36.0,45.0,28.0
2018-03-22,0.11,0.4,34.0,39.0,28.0
2018-03-23,0.0,,38.0,39.0,34.0
2018-03-24,0.0,,42.0,52.0,34.0
2018-03-25,0.0,,45.0,54.0,34.0
2018-03-26,0.0,,45.0,51.0,40.0
2018-03-27,0.13,,41.0,45.0,37.0
2018-03-28,0.26,,43.0,50.0,37.0
2018-03-29,0.0,,41.0,49.0,36.0
2018-03-30,0.17,,42.0,52.0,35.0
2018-03-31,0.06,,41.0,51.0,32.0
2018-04-01,0.05,,41.0,47.0,38.0
2018-04-02,0.06,,46.0,54.0,36.0
2018-04-03,0.19,,51.0,56.0,45.0
2018-04-04,0.35,,47.0,53.0,43.0
2018-04-05,0.04,,44.0,47.0,35.0
2018-04-06,0.0,,47.0,59.0,32.0
2018-04-07,0.0,,57.0,70.0,41.0
2018-04-08,0.0,,64.0,75.0,54.0
2018-04-09,0.0,,58.0,64.0,50.0
2018-04-10,0.06,,50.0,57.0,42.0
2018-04-11,0.0,,49.0,64.0,41.0
2018-04-12,0.0,,54.0,61.0,45.0
2018-04-13,0.0,,52.0,59.0,42.0
2018-04-14,0.25,,54.0,63.0,44.0
2018-04-15,0.0,,55.0,63.0,49.0
2018-04-16,0.0,,56.0,64.0,47.0
2018-04-17,0.0,,58.0,68.0,47.0
2018-04-18,0.0,,66.0,77.0,53.0
2018-04-19,0.0,,68.0,78.0,55.0
2018-04-20,0.0,,70.0,82.0,55.0
2018-04-21,0.0,,70.0,80.0,59.0
2018-04-22,0.02,,67.0,78.0,57.0
2018-04-23,0.0,,61.0,67.0,48.0
2018-04-24,0.0,,55.0,65.0,44.0
2018-04-25,0.01,,53.0,59.0,45.0
2018-04-26,0.0,,48.0,57.0,40.0
2018-04-27,0.0,,53.0,65.0,40.0
2018-04-28,0.11,,51.0,61.0,43.0
2018-04-29,0.99,,55.0,67.0,45.0
2018-04-30,0.11,,47.0,53.0,39.0
2018-05-01,0.0,,44.0,53.0,38.0
2018-05-02,0.0,,49.0,58.0,37.0
2018-05-03,0.0,,52.0,62.0,44.0
2018-05-04,0.0,,58.0,69.0,47.0
2018-05-05,0.0,,62.0,74.0,50.0
2018-05-06,0.0,,66.0,78.0,54.0
2018-05-07,0.0,,66.0,77.0,55.0
2018-05-08,0.0,,69.0,78.0,57.0
2018-05-09,0.0,,69.0,79.0,60.0
2018-05-10,0.0,,57.0,63.0,51.0
2018-05-11,0.0,,58.0,67.0,49.0
2018-05-12,0.4,,64.0,74.0,52.0
2018-05-13,0.16,,54.0,59.0,51.0
2018-05-14,0.67,,57.0,67.0,51.0
2018-05-15,0.0,,63.0,72.0,53.0
2018-05-16,0.02,,60.0,68.0,53.0
2018-05-17,0.0,,57.0,66.0,49.0
2018-05-18,0.0,,54.0,67.0,41.0
2018-05-19,0.0,,57.0,67.0,46.0
2018-05-20,0.38,,57.0,68.0,50.0
2018-05-21,0.0,,63.0,73.0,53.0
2018-05-22,0.09,,64.0,75.0,54.0
2018-05-23,0.36,,62.0,73.0,57.0
2018-05-24,0.0,,62.0,72.0,56.0
2018-05-25,0.0,,65.0,76.0,53.0
2018-05-26,0.0,,72.0,81.0,62.0
2018-05-27,0.0,,70.0,77.0,63.0
2018-05-28,0.04,,70.0,82.0,60.0
2018-05-29,0.0,,64.0,70.0,60.0
2018-05-30,0.76,,69.0,78.0,59.0
2018-05-31,1.63,,69.0,78.0,58.0
2018-06-01,0.43,,62.0,66.0,56.0
2018-06-02,0.0,,63.0,71.0,55.0
2018-06-03,0.0,,68.0,77.0,57.0
2018-06-04,0.0,,71.0,81.0,62.0
2018-06-05,0.0,,71.0,81.0,62.0
2018-06-06,0.04,,70.0,81.0,61.0
2018-06-07,0.14,,65.0,72.0,61.0
2018-06-08,0.0,,69.0,79.0,61.0
2018-06-09,0.21,,68.0,82.0,62.0
2018-06-10,0.13,,67.0,78.0,58.0
2018-06-11,1.21,,65.0,74.0,60.0
2018-06-12,0.21,,58.0,60.0,52.0
2018-06-13,0.0,,56.0,60.0,49.0
2018-06-14,0.11,,58.0,67.0,47.0
2018-06-15,0.0,,62.0,73.0,56.0
2018-06-16,0.0,,65.0,75.0,56.0
2018-06-17,0.0,,61.0,66.0,55.0
2018-06-18,0.0,,62.0,68.0,54.0
2018-06-19,0.0,,63.0,71.0,55.0
2018-06-20,0.0,,71.0,83.0,60.0
2018-06-21,0.0,,61.0,68.0,47.0
2018-06-22,0.0,,54.0,63.0,44.0
2018-06-23,0.0,,55.0,65.0,45.0
2018-06-24,0.0,,60.0,70.0,51.0
2018-06-25,0.0,,60.0,69.0,54.0
2018-06-26,0.0,,67.0,79.0,54.0
2018-06-27,0.0,,69.0,79.0,57.0
2018-06-28,0.0,,70.0,79.0,59.0
2018-06-29,0.0,,74.0,83.0,66.0
2018-06-30,0.0,,76.0,86.0,67.0
2018-07-01,0.0,,71.0,81.0,61.0
2018-07-02,0.0,,71.0,82.0,59.0
2018-07-03,0.0,,73.0,83.0,63.0
2018-07-04,0.02,,71.0,85.0,62.0
2018-07-05,0.09,,63.0,70.0,60.0
2018-07-06,0.0,,69.0,80.0,56.0
2018-07-07,0.0,,70.0,80.0,58.0
2018-07-08,0.0,,69.0,79.0,58.0
2018-07-09,0.0,,68.0,77.0,57.0
2018-07-10,0.0,,60.0,66.0,56.0
2018-07-11,0.0,,61.0,73.0,52.0
2018-07-12,0.0,,67.0,77.0,59.0
2018-07-13,0.0,,71.0,80.0,61.0
2018-07-14,0.07,,73.0,85.0,61.0
2018-07-15,0.3,,71.0,82.0,61.0
2018-07-16,0.0,,72.0,85.0,57.0
2018-07-17,0.0,,73.0,82.0,59.0
2018-07-18,0.0,,71.0,81.0,61.0
2018-07-19,0.0,,73.0,84.0,59.0
2018-07-20,0.0,,73.0,83.0,64.0
2018-07-21,0.0,,69.0,77.0,60.0
2018-07-22,0.0,,71.0,82.0,60.0
2018-07-23,0.0,,73.0,83.0,60.0
2018-07-24,0.0,,78.0,89.0,67.0
2018-07-25,0.0,,82.0,94.0,69.0
2018-07-26,0.09,,80.0,94.0,71.0
2018-07-27,0.0,,83.0,93.0,71.0
2018-07-28,0.0,,74.0,82.0,66.0
2018-07-29,0.0,,73.0,84.0,60.0
2018-07-30,0.0,,77.0,87.0,65.0
2018-07-31,0.01,,77.0,87.0,65.0
2018-08-01,0.11,,69.0,74.0,63.0
2018-08-02,0.0,,76.0,89.0,60.0
2018-08-03,0.0,,83.0,94.0,72.0
2018-08-04,0.0,,83.0,94.0,71.0
2018-08-05,0.0,,76.0,87.0,66.0
2018-08-06,0.0,,79.0,92.0,66.0
2018-08-07,0.58,,81.0,95.0,71.0
2018-08-08,0.04,,71.0,78.0,65.0
2018-08-09,0.08,,66.0,76.0,56.0
2018-08-10,0.0,,62.0,71.0,53.0
2018-08-11,0.0,,63.0,72.0,56.0
2018-08-12,0.24,,68.0,78.0,54.0
2018-08-13,0.08,,64.0,73.0,58.0
2018-08-14,0.0,,63.0,71.0,56.0
2018-08-15,0.0,,65.0,74.0,56.0
2018-08-16,0.0,,70.0,83.0,56.0
2018-08-17,0.02,,67.0,78.0,58.0
2018-08-18,0.0,,66.0,77.0,52.0
2018-08-19,0.0,,69.0,79.0,56.0
2018-08-20,0.0,,68.0,78.0,59.0
2018-08-21,0.0,,72.0,83.0,63.0
2018-08-22,0.0,,74.0,86.0,63.0
2018-08-23,0.0,,73.0,84.0,60.0
2018-08-24,0.07,,61.0,68.0,54.0
2018-08-25,0.0,,56.0,64.0,48.0
2018-08-26,0.09,,57.0,68.0,44.0
2018-08-27,0.02,,57.0,65.0,52.0
2018-08-28,0.0,,62.0,75.0,49.0
2018-08-29,0.95,,63.0,73.0,56.0
2018-08-30,0.04,,60.0,68.0,55.0
2018-08-31,0.0,,59.0,67.0,53.0
2018-09-01,0.0,,60.0,69.0,51.0
2018-09-02,0.0,,61.0,69.0,52.0
2018-09-03,0.0,,63.0,71.0,58.0
2018-09-04,0.0,,65.0,74.0,55.0
2018-09-05,0.03,,69.0,80.0,58.0
2018-09-06,0.0,,65.0,72.0,60.0
2018-09-07,0.0,,57.0,63.0,46.0
2018-09-08,0.0,,57.0,69.0,44.0
2018-09-09,0.0,,64.0,76.0,51.0
2018-09-10,0.0,,66.0,77.0,56.0
2018-09-11,0.0,,65.0,79.0,53.0
2018-09-12,0.0,,69.0,81.0,57.0
2018-09-13,0.02,,60.0,64.0,56.0
2018-09-14,0.0,,60.0,68.0,50.0
2018-09-15,0.0,,58.0,67.0,48.0
2018-09-16,0.0,,63.0,75.0,50.0
2018-09-17,0.0,,69.0,78.0,51.0
2018-09-18,0.0,,71.0,84.0,60.0
2018-09-19,0.0,,69.0,80.0,59.0
2018-09-20,0.0,,67.0,77.0,56.0
2018-09-21,0.11,,59.0,65.0,50.0
2018-09-22,0.22,,53.0,61.0,45.0
2018-09-23,0.5,,56.0,67.0,44.0
2018-09-24,0.0,,48.0,56.0,41.0
2018-09-25,0.0,,49.0,59.0,41.0
2018-09-26,0.0,,52.0,65.0,38.0
2018-09-27,0.0,,58.0,71.0,46.0
2018-09-28,0.0,,55.0,68.0,46.0
2018-09-29,0.0,,50.0,60.0,42.0
2018-09-30,0.0,,53.0,65.0,42.0
2018-10-01,0.06,,47.0,55.0,40.0
2018-10-02,0.07,,45.0,51.0,40.0
2018-10-03,0.0,,53.0,61.0,44.0
2018-10-04,0.0,,53.0,64.0,43.0
2018-10-05,0.0,,56.0,67.0,45.0
2018-10-06,0.05,,61.0,73.0,52.0
2018-10-07,0.0,,56.0,60.0,46.0
2018-10-08,0.0,,55.0,67.0,45.0
2018-10-09,0.0,,59.0,71.0,48.0
2018-10-10,0.0,,60.0,72.0,52.0
2018-10-11,0.0,,60.0,71.0,53.0
2018-10-12,0.0,,65.0,75.0,56.0
2018-10-13,0.0,,66.0,76.0,57.0
2018-10-14,0.0,,65.0,75.0,56.0
2018-10-15,0.0,,64.0,76.0,54.0
2018-10-16,0.0,,63.0,71.0,52.0
2018-10-17,0.0,,62.0,72.0,52.0
2018-10-18,0.0,,58.0,66.0,52.0
2018-10-19,0.0,,54.0,64.0,49.0
2018-10-20,0.0,,53.0,60.0,47.0
2018-10-21,0.0,,51.0,61.0,42.0
2018-10-22,0.0,,50.0,59.0,42.0
2018-10-23,0.0,,46.0,54.0,36.0
2018-10-24,0.02,,53.0,57.0,48.0
2018-10-25,0.0,,52.0,56.0,45.0
2018-10-26,0.01,,45.0,48.0,42.0
2018-10-27,0.0,,40.0,43.0,36.0
2018-10-28,0.02,,39.0,41.0,37.0
2018-10-29,0.27,,38.0,40.0,37.0
2018-10-30,0.13,,38.0,42.0,32.0
2018-10-31,0.0,,41.0,48.0,33.0
2018-11-01,0.13,,45.0,48.0,39.0
2018-11-02,0.1,,44.0,47.0,37.0
2018-11-03,0.0,,41.0,49.0,34.0
2018-11-04,0.0,,46.0,55.0,38.0
2018-11-05,0.0,,48.0,54.0,44.0
2018-11-06,0.0,,50.0,59.0,43.0
2018-11-07,0.02,,51.0,60.0,46.0
2018-11-08,0.0,,48.0,53.0,43.0
2018-11-09,0.02,,49.0,55.0,43.0
2018-11-10,0.69,,51.0,53.0,48.0
2018-11-11,0.04,,51.0,56.0,48.0
2018-11-12,0.4,,54.0,62.0,48.0
2018-11-13,0.0,,48.0,53.0,41.0
2018-11-14,0.0,,41.0,47.0,36.0
2018-11-15,0.0,,38.0,40.0,37.0
2018-11-16,0.0,,40.0,49.0,35.0
2018-11-17,0.0,,40.0,48.0,33.0
2018-11-18,0.0,,37.0,44.0,32.0
2018-11-19,0.05,,34.0,39.0,29.0
2018-11-20,0.01,,34.0,37.0,32.0
2018-11-21,0.0,,35.0,38.0,33.0
2018-11-22,0.0,,34.0,40.0,31.0
2018-11-23,0.11,,36.0,44.0,29.0
2018-11-24,0.11,,39.0,45.0,34.0
2018-11-25,0.02,,41.0,42.0,37.0
2018-11-26,0.0,,41.0,42.0,39.0
2018-11-27,0.0,,38.0,39.0,36.0
2018-11-28,0.12,,39.0,42.0,36.0
2018-11-29,0.07,,44.0,47.0,41.0
2018-11-30,0.01,,45.0,49.0,39.0
2018-12-01,0.32,,43.0,45.0,41.0
2018-12-02,0.77,,50.0,55.0,44.0
2018-12-03,1.65,,52.0,54.0,48.0
2018-12-04,0.0,,43.0,48.0,35.0
2018-12-05,0.09,,40.0,43.0,34.0
2018-12-06,0.03,,48.0,51.0,42.0
2018-12-07,0.3,,47.0,50.0,41.0
2018-12-08,0.89,,43.0,48.0,40.0
2018-12-09,0.36,,43.0,48.0,39.0
2018-12-10,0.02,,39.0,43.0,33.0
2018-12-11,0.0,,33.0,41.0,29.0
2018-12-12,0.0,,33.0,39.0,27.0
2018-12-13,0.0,,30.0,33.0,27.0
2018-12-14,0.0,,30.0,31.0,28.0
2018-12-15,0.12,,28.0,31.0,26.0
2018-12-16,0.06,,31.0,36.0,26.0
2018-12-17,0.01,,38.0,41.0,35.0
2018-12-18,0.04,,38.0,43.0,35.0
2018-12-19,0.14,,43.0,48.0,38.0
2018-12-20,0.34,,42.0,43.0,40.0
2018-12-21,0.3,,48.0,53.0,42.0
2018-12-22,0.44,,47.0,51.0,45.0
2018-12-23,0.71,,47.0,53.0,44.0
2018-12-24,0.0,,40.0,52.0,31.0
2018-12-25,0.0,,32.0,38.0,26.0
2018-12-26,0.0,,28.0,35.0,22.0
2018-12-27,0.0,,27.0,29.0,24.0
2018-12-28,0.0,,27.0,28.0,26.0
2018-12-29,0.04,,31.0,35.0,26.0
2018-12-30,0.0,,38.0,40.0,35.0
2018-12-31,0.0,,43.0,46.0,40.0
2019-01-01,0.05,,40.0,42.0,36.0
2019-01-02,0.0,,35.0,38.0,28.0
2019-01-03,0.0,,33.0,38.0,26.0
2019-01-04,0.05,,34.0,37.0,30.0
2019-01-05,0.02,,36.0,40.0,32.0
2019-01-06,0.0,,36.0,38.0,35.0
2019-01-07,0.06,,37.0,40.0,35.0
2019-01-08,0.18,,40.0,43.0,35.0
2019-01-09,0.0,,35.0,40.0,32.0
2019-01-10,0.0,,32.0,34.0,29.0
2019-01-11,0.05,,33.0,38.0,29.0
2019-01-12,0.11,,39.0,42.0,37.0
2019-01-13,0.17,,44.0,46.0,41.0
2019-01-14,0.03,,38.0,42.0,33.0
2019-01-15,0.0,,37.0,40.0,34.0
2019-01-16,0.13,,37.0,41.0,36.0
2019-01-17,0.19,,36.0,39.0,30.0
2019-01-18,0.0,,29.0,35.0,25.0
2019-01-19,0.0,,28.0,34.0,23.0
2019-01-20,0.0,,25.0,30.0,21.0
2019-01-21,0.0,,25.0,33.0,20.0
2019-01-22,0.04,,22.0,26.0,18.0
2019-01-23,0.0,1.2,27.0,28.0,24.0
2019-01-24,0.0,,24.0,26.0,23.0
2019-01-25,0.02,,29.0,32.0,25.0
2019-01-26,0.21,,36.0,40.0,32.0
2019-01-27,0.28,,38.0,41.0,32.0
2019-01-28,0.02,,33.0,36.0,32.0
2019-01-29,0.06,,31.0,33.0,28.0
2019-01-30,0.25,,29.0,31.0,24.0
2019-01-31,0.08,,29.0,33.0,26.0
2019-02-01,0.19,,35.0,37.0,30.0
2019-02-02,0.0,,35.0,37.0,33.0
2019-02-03,0.0,,33.0,38.0,27.0
2019-02-04,0.0,,31.0,36.0,25.0
2019-02-05,0.0,,34.0,41.0,27.0
2019-02-06,0.0,,34.0,40.0,27.0
2019-02-07,0.13,,39.0,46.0,33.0
2019-02-08,0.14,,41.0,44.0,36.0
2019-02-09,0.27,,43.0,47.0,40.0
2019-02-10,0.69,,41.0,45.0,34.0
2019-02-11,0.0,,37.0,41.0,31.0
2019-02-12,0.0,,33.0,40.0,28.0
2019-02-13,0.0,,33.0,42.0,24.0
2019-02-14,0.0,,41.0,52.0,32.0
2019-02-15,0.0,,45.0,57.0,34.0
2019-02-16,0.0,,45.0,56.0,35.0
2019-02-17,0.0,,47.0,57.0,36.0
2019-02-18,0.0,,45.0,54.0,37.0
2019-02-19,0.02,,42.0,48.0,37.0
2019-02-20,0.0,,41.0,50.0,31.0
2019-02-21,0.0,,47.0,56.0,38.0
2019-02-22,0.0,,48.0,54.0,40.0
2019-02-23,0.0,,43.0,53.0,36.0
2019-02-24,0.0,,45.0,58.0,36.0
2019-02-25,0.0,,51.0,63.0,40.0
2019-02-26,0.0,,53.0,65.0,40.0
2019-02-27,0.0,,55.0,68.0,44.0
2019-02-28,0.26,,47.0,56.0,39.0
2019-03-01,0.02,,43.0,45.0,40.0
2019-03-02,0.01,,44.0,49.0,40.0
2019-03-03,0.16,,47.0,50.0,44.0
2019-03-04,0.31,,44.0,49.0,39.0
2019-03-05,0.3,,40.0,43.0,38.0
2019-03-06,0.24,,46.0,53.0,38.0
2019-03-07,0.12,,45.0,52.0,42.0
2019-03-08,0.23,,42.0,46.0,39.0
2019-03-09,0.33,,46.0,50.0,41.0
2019-03-10,0.27,,47.0,56.0,38.0
2019-03-11,0.0,,38.0,44.0,32.0
2019-03-12,0.07,,40.0,47.0,31.0
2019-03-13,0.21,,39.0,42.0,37.0
2019-03-14,0.43,,41.0,46.0,38.0
2019-03-15,0.29,,47.0,50.0,42.0
2019-03-16,0.05,,46.0,48.0,43.0
2019-03-17,0.17,,42.0,47.0,33.0
2019-03-18,0.02,,38.0,45.0,32.0
2019-03-19,0.0,,40.0,51.0,29.0
2019-03-20,0.0,,45.0,55.0,32.0
2019-03-21,0.0,,49.0,60.0,39.0
2019-03-22,0.0,,52.0,62.0,43.0
2019-03-23,0.0,,49.0,61.0,39.0
2019-03-24,0.0,,46.0,54.0,38.0
2019-03-25,0.05,,40.0,49.0,34.0
2019-03-26,0.0,,42.0,50.0,38.0
2019-03-27,0.0,,44.0,51.0,32.0
2019-03-28,0.0,,48.0,58.0,39.0
2019-03-29,0.0,,52.0,62.0,41.0
2019-03-30,0.0,,54.0,66.0,42.0
2019-03-31,0.0,,55.0,67.0,44.0
2019-04-01,0.0,,52.0,64.0,40.0
2019-04-02,0.13,,50.0,57.0,43.0
2019-04-03,0.0,,40.0,43.0,37.0
2019-04-04,0.08,,39.0,42.0,36.0
2019-04-05,0.0,,42.0,51.0,30.0
2019-04-06,0.0,,49.0,59.0,41.0
2019-04-07,0.03,,51.0,61.0,40.0
2019-04-08,0.0,,48.0,53.0,44.0
2019-04-09,0.54,,49.0,54.0,47.0
2019-04-10,0.02,,48.0,55.0,42.0
2019-04-11,0.0,,44.0,52.0,36.0
2019-04-12,0.0,,38.0,46.0,33.0
2019-04-13,0.02,,35.0,43.0,30.0
2019-04-14,0.01,,37.0,48.0,28.0
2019-04-15,0.0,,48.0,61.0,34.0
2019-04-16,0.36,,48.0,56.0,41.0
2019-04-17,0.0,,52.0,62.0,46.0
2019-04-18,0.0,,59.0,69.0,49.0
2019-04-19,0.0,,63.0,72.0,52.0
2019-04-20,0.0,,65.0,75.0,54.0
2019-04-21,0.0,,64.0,75.0,53.0
2019-04-22,0.0,,65.0,74.0,53.0
2019-04-23,0.0,,59.0,65.0,52.0
2019-04-24,0.4,,55.0,69.0,44.0
2019-04-25,0.34,,49.0,59.0,44.0
2019-04-26,0.01,,50.0,60.0,44.0
2019-04-27,0.26,,45.0,52.0,39.0
2019-04-28,0.04,,42.0,50.0,36.0
2019-04-29,0.0,,48.0,58.0,33.0
2019-04-30,0.0,,54.0,63.0,47.0
2019-05-01,0.0,,56.0,67.0,47.0
2019-05-02,0.01,,52.0,63.0,43.0
2019-05-03,0.01,,49.0,58.0,41.0
2019-05-04,0.09,,40.0,48.0,34.0
2019-05-05,0.03,,40.0,50.0,32.0
2019-05-06,0.0,,44.0,50.0,33.0
2019-05-07,0.01,,47.0,54.0,39.0
2019-05-08,0.39,,47.0,52.0,42.0
2019-05-09,0.22,,48.0,57.0,42.0
2019-05-10,0.74,,51.0,62.0,40.0
2019-05-11,0.72,,47.0,52.0,43.0
2019-05-12,0.0,,47.0,57.0,37.0
2019-05-13,0.0,,51.0,60.0,40.0
2019-05-14,0.0,,51.0,60.0,42.0
2019-05-15,0.0,,51.0,60.0,42.0
2019-05-16,0.0,,53.0,63.0,42.0
2019-05-17,0.03,,55.0,62.0,47.0
2019-05-18,0.08,,57.0,65.0,51.0
2019-05-19,0.0,,57.0,67.0,51.0
2019-05-20,0.0,,56.0,64.0,51.0
2019-05-21,0.0,,54.0,60.0,49.0
2019-05-22,0.0,,56.0,67.0,42.0
2019-05-23,0.0,,60.0,70.0,48.0
2019-05-24,0.0,,63.0,73.0,53.0
2019-05-25,0.0,,58.0,69.0,51.0
2019-05-26,0.0,,59.0,70.0,47.0
2019-05-27,0.0,,59.0,68.0,54.0
2019-05-28,0.04,,53.0,60.0,46.0
2019-05-29,0.0,,54.0,63.0,43.0
2019-05-30,0.0,,57.0,66.0,50.0
2019-05-31,0.0,,63.0,73.0,53.0
2019-06-01,0.0,,69.0,79.0,53.0
2019-06-02,0.0,,74.0,85.0,61.0
2019-06-03,0.0,,70.0,80.0,60.0
2019-06-04,0.02,,72.0,85.0,56.0
2019-06-05,0.83,,69.0,81.0,55.0
2019-06-06,0.0,,53.0,60.0,48.0
2019-06-07,0.02,,56.0,72.0,46.0
2019-06-08,0.01,,55.0,62.0,50.0
2019-06-09,0.0,,61.0,70.0,48.0
2019-06-10,0.43,,60.0,68.0,54.0
2019-06-11,0.31,,56.0,63.0,51.0
2019-06-12,0.15,,57.0,65.0,51.0
2019-06-13,0.04,,57.0,69.0,48.0
2019-06-14,0.31,,63.0,72.0,52.0
2019-06-15,0.0,,64.0,72.0,59.0
2019-06-16,0.0,,63.0,71.0,53.0
2019-06-17,0.0,,67.0,77.0,55.0
2019-06-18,0.0,,71.0,80.0,62.0
2019-06-19,0.01,,70.0,81.0,63.0
2019-06-20,0.04,,63.0,69.0,58.0
2019-06-21,0.0,,62.0,71.0,53.0
2019-06-22,0.0,,64.0,72.0,54.0
2019-06-23,0.0,,71.0,80.0,61.0
2019-06-24,0.0,,76.0,87.0,64.0
2019-06-25,0.0,,81.0,92.0,69.0
2019-06-26,0.0,,83.0,94.0,68.0
2019-06-27,0.0,,77.0,89.0,66.0
2019-06-28,0.0,,74.0,86.0,61.0
2019-06-29,0.0,,78.0,91.0,64.0
2019-06-30,0.0,,78.0,91.0,68.0
2019-07-01,0.0,,69.0,76.0,61.0
2019-07-02,0.0,,66.0,76.0,55.0
2019-07-03,0.0,,67.0,77.0,57.0
2019-07-04,0.0,,67.0,79.0,54.0
2019-07-05,0.0,,71.0,84.0,55.0
2019-07-06,0.0,,71.0,84.0,57.0
2019-07-07,0.03,,61.0,68.0,57.0
2019-07-08,0.0,,59.0,66.0,51.0
2019-07-09,0.0,,60.0,70.0,50.0
2019-07-10,0.0,,65.0,76.0,53.0
2019-07-11,0.2,,63.0,72.0,57.0
2019-07-12,0.15,,63.0,76.0,55.0
2019-07-13,0.02,,61.0,71.0,52.0
2019-07-14,0.0,,60.0,67.0,55.0
2019-07-15,0.0,,60.0,69.0,52.0
2019-07-16,0.0,,61.0,73.0,47.0
2019-07-17,0.0,,67.0,78.0,53.0
2019-07-18,0.14,,69.0,80.0,58.0
2019-07-19,0.0,,67.0,74.0,60.0
2019-07-20,0.0,,73.0,85.0,61.0
2019-07-21,0.0,,70.0,79.0,63.0
2019-07-22,0.0,,74.0,86.0,58.0
2019-07-23,0.0,,81.0,93.0,68.0
2019-07-24,0.0,,86.0,100.0,71.0
2019-07-25,0.0,,90.0,102.0,75.0
2019-07-26,0.06,,84.0,94.0,75.0
2019-07-27,0.05,,67.0,78.0,63.0
2019-07-28,0.02,,63.0,67.0,56.0
2019-07-29,0.0,,67.0,80.0,53.0
2019-07-30,0.0,,70.0,79.0,59.0
2019-07-31,0.0,,65.0,72.0,57.0
2019-08-01,0.0,,65.0,76.0,54.0
2019-08-02,0.0,,68.0,77.0,60.0
2019-08-03,0.0,,67.0,76.0,56.0
2019-08-04,0.0,,72.0,83.0,58.0
2019-08-05,0.04,,73.0,81.0,66.0
2019-08-06,0.52,,67.0,77.0,62.0
2019-08-07,0.0,,65.0,72.0,59.0
2019-08-08,0.0,,68.0,80.0,55.0
2019-08-09,0.34,,70.0,80.0,63.0
2019-08-10,0.0,,68.0,75.0,62.0
2019-08-11,0.01,,62.0,67.0,54.0
2019-08-12,0.15,,58.0,66.0,52.0
2019-08-13,0.0,,59.0,68.0,52.0
2019-08-14,0.02,,61.0,71.0,53.0
2019-08-15,0.26,,61.0,69.0,53.0
2019-08-16,0.02,,62.0,72.0,53.0
2019-08-17,0.59,,62.0,64.0,60.0
2019-08-18,0.02,,65.0,73.0,58.0
2019-08-19,0.0,,62.0,71.0,53.0
2019-08-20,0.0,,59.0,69.0,50.0
2019-08-21,0.0,,63.0,73.0,51.0
2019-08-22,0.0,,66.0,76.0,55.0
2019-08-23,0.0,,70.0,82.0,60.0
2019-08-24,0.0,,72.0,83.0,61.0
2019-08-25,0.0,,75.0,86.0,61.0
2019-08-26,0.0,,78.0,87.0,68.0
2019-08-27,0.0,,78.0,88.0,65.0
2019-08-28,0.01,,76.0,87.0,66.0
2019-08-29,0.0,,71.0,79.0,63.0
2019-08-30,0.0,,69.0,81.0,56.0
2019-08-31,0.02,,74.0,89.0,61.0
2019-09-01,0.0,,62.0,69.0,56.0
2019-09-02,0.0,,60.0,70.0,51.0
2019-09-03,0.0,,61.0,72.0,48.0
2019-09-04,0.0,,62.0,75.0,52.0
2019-09-05,0.0,,55.0,64.0,48.0
2019-09-06,0.06,,56.0,67.0,45.0
2019-09-07,0.58,,54.0,59.0,50.0
2019-09-08,0.12,,52.0,58.0,49.0
2019-09-09,0.0,,54.0,62.0,44.0
2019-09-10,0.0,,57.0,67.0,46.0
2019-09-11,0.02,,59.0,67.0,46.0
2019-09-12,0.0,,63.0,72.0,57.0
2019-09-13,0.0,,62.0,70.0,57.0
2019-09-14,0.0,,64.0,74.0,55.0
2019-09-15,0.0,,65.0,79.0,52.0
2019-09-16,0.0,,65.0,76.0,53.0
2019-09-17,0.0,,59.0,67.0,50.0
2019-09-18,0.0,,54.0,63.0,44.0
2019-09-19,0.0,,53.0,62.0,46.0
2019-09-20,0.0,,55.0,69.0,44.0
2019-09-21,0.0,,60.0,74.0,46.0
2019-09-22,0.42,,63.0,78.0,53.0
2019-09-23,0.0,,58.0,62.0,53.0
2019-09-24,0.17,,54.0,60.0,50.0
2019-09-25,0.17,,56.0,58.0,54.0
2019-09-26,0.31,,59.0,62.0,55.0
2019-09-27,0.09,,57.0,61.0,54.0
2019-09-28,0.02,,56.0,60.0,53.0
2019-09-29,0.3,,57.0,62.0,51.0
2019-09-30,0.06,,55.0,61.0,52.0
2019-10-01,0.12,,57.0,62.0,51.0
2019-10-02,0.02,,51.0,57.0,39.0
2019-10-03,0.03,,47.0,56.0,39.0
2019-10-04,0.19,,50.0,57.0,45.0
2019-10-05,0.08,,51.0,53.0,47.0
2019-10-06,0.21,,49.0,56.0,45.0
2019-10-07,0.04,,50.0,55.0,46.0
2019-10-08,0.56,,52.0,56.0,50.0
2019-10-09,0.98,,49.0,53.0,45.0
2019-10-10,0.0,,50.0,57.0,45.0
2019-10-11,0.0,,53.0,62.0,44.0
2019-10-12,0.0,,57.0,65.0,49.0
2019-10-13,0.0,,63.0,74.0,57.0
2019-10-14,0.0,,63.0,71.0,56.0
2019-10-15,0.3,,55.0,60.0,51.0
2019-10-16,0.21,,53.0,61.0,48.0
2019-10-17,0.4,,55.0,56.0,53.0
2019-10-18,0.09,,53.0,57.0,48.0
2019-10-19,0.44,,52.0,57.0,48.0
2019-10-20,1.26,,54.0,57.0,51.0
2019-10-21,0.0,,53.0,56.0,45.0
2019-10-22,0.0,,50.0,57.0,43.0
2019-10-23,0.0,,53.0,62.0,47.0
2019-10-24,0.0,,56.0,65.0,51.0
2019-10-25,0.0,,56.0,60.0,53.0
2019-10-26,0.0,,55.0,62.0,47.0
2019-10-27,0.13,,49.0,56.0,41.0
2019-10-28,0.0,,41.0,48.0,36.0
2019-10-29,0.0,,43.0,49.0,39.0
2019-10-30,0.0,,40.0,44.0,36.0
2019-10-31,0.0,,41.0,49.0,34.0
2019-11-01,0.54,,47.0,54.0,41.0
2019-11-02,0.29,,53.0,57.0,47.0
2019-11-03,0.33,,50.0,54.0,48.0
2019-11-04,0.37,,48.0,53.0,45.0
2019-11-05,0.02,,46.0,50.0,43.0
2019-11-06,0.08,,45.0,47.0,44.0
2019-11-07,0.23,,43.0,47.0,35.0
2019-11-08,0.0,,40.0,47.0,35.0
2019-11-09,0.0,,37.0,41.0,32.0
2019-11-10,0.0,,34.0,39.0,30.0
2019-11-11,0.22,,37.0,40.0,33.0
2019-11-12,0.13,,37.0,39.0,32.0
2019-11-13,0.02,,37.0,40.0,34.0
2019-11-14,0.0,,38.0,40.0,36.0
2019-11-15,0.0,,37.0,39.0,33.0
2019-11-16,0.0,,35.0,41.0,30.0
2019-11-17,0.22,,36.0,42.0,32.0
2019-11-18,0.28,,35.0,40.0,33.0
2019-11-19,0.0,,37.0,43.0,30.0
2019-11-20,0.0,,32.0,38.0,28.0
2019-11-21,0.02,,36.0,41.0,32.0
2019-11-22,0.0,,41.0,47.0,37.0
2019-11-23,0.0,,40.0,45.0,36.0
2019-11-24,0.0,,42.0,50.0,34.0
2019-11-25,0.05,,44.0,46.0,41.0
2019-11-26,0.12,,47.0,49.0,43.0
2019-11-27,0.38,,47.0,49.0,45.0
2019-11-28,0.1,,47.0,49.0,46.0
2019-11-29,0.05,,41.0,46.0,34.0
2019-11-30,0.0,,34.0,40.0,31.0
2019-12-01,0.19,,32.0,35.0,31.0
2019-12-02,0.0,,33.0,39.0,27.0
2019-12-03,0.0,,38.0,43.0,32.0
2019-12-04,0.0,,35.0,42.0,29.0
2019-12-05,0.0,,28.0,33.0,26.0
2019-12-06,0.14,,35.0,44.0,28.0
2019-12-07,0.0,,45.0,46.0,44.0
2019-12-08,0.15,,46.0,49.0,43.0
2019-12-09,0.12,,41.0,44.0,37.0
2019-12-10,0.23,,35.0,38.0,32.0
2019-12-11,0.16,,37.0,39.0,34.0
2019-12-12,0.19,,36.0,38.0,32.0
2019-12-13,0.35,,38.0,40.0,32.0
2019-12-14,0.19,,42.0,45.0,37.0
2019-12-15,0.12,,45.0,48.0,42.0
2019-12-16,0.01,,47.0,50.0,44.0
2019-12-17,0.29,,51.0,58.0,48.0
2019-12-18,0.0,,45.0,49.0,42.0
2019-12-19,0.0,,51.0,56.0,43.0
2019-12-20,0.37,,46.0,51.0,41.0
2019-12-21,0.06,,41.0,43.0,38.0
2019-12-22,0.18,,44.0,47.0,42.0
2019-12-23,0.02,,43.0,45.0,42.0
2019-12-24,0.22,,44.0,50.0,39.0
2019-12-25,0.02,,43.0,46.0,36.0
2019-12-26,0.36,,36.0,38.0,32.0
2019-12-27,0.04,,41.0,43.0,38.0
2019-12-28,0.0,,34.0,38.0,27.0
2019-12-29,0.0,,32.0,39.0,25.0
2019-12-30,0.0,,35.0,42.0,28.0
2019-12-31,0.0,,34.0,41.0,26.0
2020-01-01,0.0,,32.0,37.0,29.0
2020-01-02,0.02,,33.0,39.0,28.0
2020-01-03,0.06,,42.0,46.0,38.0
2020-01-04,0.0,,38.0,40.0,35.0
2020-01-05,0.0,,39.0,42.0,36.0
2020-01-06,0.02,,33.0,39.0,29.0
2020-01-07,0.0,,39.0,44.0,33.0
2020-01-08,0.04,,42.0,48.0,36.0
2020-01-09,0.19,,48.0,50.0,45.0
2020-01-10,0.07,,43.0,46.0,34.0
2020-01-11,0.0,,37.0,40.0,33.0
2020-01-12,0.03,,36.0,40.0,30.0
2020-01-13,0.03,,40.0,42.0,39.0
2020-01-14,0.0,,45.0,49.0,40.0
2020-01-15,0.01,,48.0,53.0,41.0
2020-01-16,0.0,,46.0,52.0,41.0
2020-01-17,0.12,,42.0,46.0,37.0
2020-01-18,0.0,,35.0,38.0,29.0
2020-01-19,0.02,,35.0,40.0,28.0
2020-01-20,0.0,,35.0,40.0,32.0
2020-01-21,0.0,,34.0,40.0,29.0
2020-01-22,0.0,,33.0,41.0,27.0
2020-01-23,0.0,,33.0,35.0,30.0
2020-01-24,0.0,,30.0,34.0,27.0
2020-01-25,0.0,,33.0,38.0,29.0
2020-01-26,0.01,,36.0,40.0,32.0
2020-01-27,0.73,,42.0,43.0,39.0
2020-01-28,0.33,,38.0,44.0,33.0
2020-01-29,0.06,,37.0,40.0,35.0
2020-01-30,0.09,,41.0,51.0,34.0
2020-01-31,0.01,,50.0,51.0,49.0
2020-02-01,0.63,,49.0,51.0,43.0
2020-02-02,0.5,,49.0,55.0,41.0
2020-02-03,1.28,,47.0,51.0,39.0
2020-02-04,0.02,,38.0,42.0,36.0
2020-02-05,0.0,,38.0,45.0,31.0
2020-02-06,0.0,,36.0,39.0,29.0
2020-02-07,0.0,,35.0,45.0,26.0
2020-02-08,0.0,,37.0,42.0,31.0
2020-02-09,0.85,,46.0,52.0,39.0
2020-02-10,0.29,,45.0,52.0,38.0
2020-02-11,0.11,,39.0,43.0,33.0
2020-02-12,0.2,,35.0,39.0,32.0
2020-02-13,0.24,,38.0,44.0,32.0
2020-02-14,0.0,,43.0,48.0,40.0
2020-02-15,0.03,,44.0,51.0,37.0
2020-02-16,0.31,,52.0,60.0,45.0
2020-02-17,0.0,,44.0,48.0,41.0
2020-02-18,0.14,,41.0,45.0,38.0
2020-02-19,0.05,,40.0,43.0,36.0
2020-02-20,0.1,,42.0,45.0,38.0
2020-02-21,0.0,,38.0,44.0,33.0
2020-02-22,0.03,,43.0,48.0,33.0
2020-02-23,0.2,,47.0,50.0,43.0
2020-02-24,0.12,,44.0,49.0,38.0
2020-02-25,0.18,,43.0,48.0,35.0
2020-02-26,0.0,,35.0,41.0,32.0
2020-02-27,0.35,,33.0,34.0,32.0
2020-02-28,0.04,,36.0,42.0,28.0
2020-02-29,0.15,,44.0,54.0,38.0
2020-03-01,0.37,,42.0,48.0,33.0
2020-03-02,0.29,,40.0,46.0,36.0
2020-03-03,0.0,,36.0,39.0,33.0
2020-03-04,0.07,,38.0,45.0,32.0
2020-03-05,0.81,,42.0,45.0,38.0
2020-03-06,0.02,,39.0,42.0,36.0
2020-03-07,0.0,,40.0,47.0,33.0
2020-03-08,0.12,,44.0,52.0,39.0
2020-03-09,0.15,,42.0,49.0,38.0
2020-03-10,0.2,,46.0,53.0,39.0
2020-03-11,0.02,,53.0,55.0,51.0
2020-03-12,0.1,,47.0,53.0,40.0
2020-03-13,0.02,,40.0,48.0,35.0
2020-03-14,0.0,,41.0,46.0,36.0
2020-03-15,0.0,,47.0,56.0,40.0
2020-03-16,0.0,,51.0,60.0,41.0
2020-03-17,0.0,,51.0,59.0,45.0
2020-03-18,0.0,,50.0,58.0,42.0
2020-03-19,0.0,,52.0,62.0,43.0
2020-03-20,0.32,,52.0,63.0,44.0
2020-03-21,0.09,,39.0,44.0,33.0
2020-03-22,0.0,,39.0,50.0,31.0
2020-03-23,0.0,,37.0,48.0,28.0
2020-03-24,0.0,,39.0,48.0,28.0
2020-03-25,0.0,,39.0,49.0,29.0
2020-03-26,0.0,,40.0,49.0,32.0
2020-03-27,0.0,,47.0,58.0,35.0
2020-03-28,0.0,,52.0,64.0,41.0
2020-03-29,0.0,,38.0,42.0,34.0
2020-03-30,0.0,,36.0,47.0,27.0
2020-03-31,0.0,,40.0,49.0,32.0
2020-04-01,0.0,,41.0,51.0,31.0
2020-04-02,0.0,,44.0,54.0,33.0
2020-04-03,0.0,,43.0,51.0,37.0
2020-04-04,0.0,,47.0,57.0,35.0
2020-04-05,0.0,,54.0,66.0,40.0
2020-04-06,0.0,,57.0,69.0,44.0
2020-04-07,0.0,,61.0,72.0,50.0
2020-04-08,0.0,,61.0,72.0,48.0
2020-04-09,0.0,,63.0,74.0,53.0
2020-04-10,0.0,,62.0,72.0,53.0
2020-04-11,0.0,,62.0,73.0,51.0
2020-04-12,0.0,,62.0,73.0,51.0
2020-04-13,0.0,,51.0,60.0,37.0
2020-04-14,0.0,,42.0,52.0,32.0
2020-04-15,0.0,,50.0,65.0,36.0
2020-04-16,0.0,,59.0,71.0,45.0
2020-04-17,0.0,,62.0,73.0,49.0
2020-04-18,0.02,,61.0,69.0,52.0
2020-04-19,0.0,,56.0,65.0,48.0
2020-04-20,0.0,,56.0,66.0,44.0
2020-04-21,0.0,,58.0,69.0,46.0
2020-04-22,0.0,,60.0,72.0,48.0
2020-04-23,0.0,,61.0,72.0,50.0
2020-04-24,0.0,,59.0,72.0,46.0
2020-04-25,0.0,,54.0,64.0,44.0
2020-04-26,0.0,,56.0,69.0,45.0
2020-04-27,0.0,,58.0,70.0,44.0
2020-04-28,0.11,,55.0,61.0,52.0
2020-04-29,0.26,,53.0,60.0,48.0
2020-04-30,0.49,,49.0,53.0,44.0
2020-05-01,0.31,,47.0,55.0,44.0
2020-05-02,0.02,,46.0,53.0,40.0
2020-05-03,0.0,,51.0,61.0,38.0
2020-05-04,0.0,,54.0,64.0,46.0
2020-05-05,0.0,,51.0,60.0,42.0
2020-05-06,0.0,,52.0,62.0,42.0
2020-05-07,0.0,,57.0,69.0,42.0
2020-05-08,0.01,,63.0,73.0,49.0
2020-05-09,0.28,,59.0,66.0,53.0
2020-05-10,0.28,,60.0,68.0,53.0
2020-05-11,0.04,,45.0,55.0,39.0
2020-05-12,0.0,,45.0,55.0,35.0
2020-05-13,0.0,,49.0,59.0,40.0
2020-05-14,0.0,,49.0,58.0,39.0
2020-05-15,0.0,,52.0,63.0,41.0
2020-05-16,0.0,,55.0,66.0,44.0
2020-05-17,0.0,,55.0,66.0,44.0
2020-05-18,0.0,,61.0,72.0,44.0
2020-05-19,0.0,,65.0,77.0,52.0
2020-05-20,0.0,,67.0,78.0,56.0
2020-05-21,0.0,,68.0,80.0,56.0
2020-05-22,0.01,,68.0,79.0,59.0
2020-05-23,0.37,,52.0,60.0,45.0
2020-05-24,0.0,,52.0,61.0,42.0
2020-05-25,0.0,,58.0,67.0,46.0
2020-05-26,0.0,,61.0,72.0,49.0
2020-05-27,0.0,,64.0,75.0,51.0
2020-05-28,0.0,,63.0,72.0,55.0
2020-05-29,0.0,,62.0,71.0,51.0
2020-05-30,0.0,,62.0,72.0,52.0
2020-05-31,0.0,,61.0,70.0,51.0
2020-06-01,0.0,,66.0,78.0,53.0
2020-06-02,0.0,,70.0,81.0,59.0
2020-06-03,1.59,,67.0,80.0,56.0
2020-06-04,0.07,,55.0,60.0,48.0
2020-06-05,0.19,,49.0,53.0,43.0
2020-06-06,0.07,,53.0,61.0,46.0
2020-06-07,0.0,,53.0,62.0,44.0
2020-06-08,0.02,,57.0,67.0,49.0
2020-06-09,0.01,,56.0,65.0,50.0
2020-06-10,0.0,,58.0,64.0,53.0
2020-06-11,0.0,,60.0,68.0,54.0
2020-06-12,0.67,,62.0,78.0,52.0
2020-06-13,0.0,,62.0,73.0,53.0
2020-06-14,0.02,,62.0,68.0,57.0
2020-06-15,0.0,,64.0,73.0,53.0
2020-06-16,0.0,,63.0,73.0,55.0
2020-06-17,1.14,,59.0,66.0,55.0
2020-06-18,0.01,,60.0,70.0,53.0
2020-06-19,0.0,,62.0,71.0,52.0
2020-06-20,0.04,,62.0,71.0,52.0
2020-06-21,0.0,,66.0,75.0,52.0
2020-06-22,0.0,,64.0,74.0,51.0
2020-06-23,0.0,,70.0,80.0,59.0
2020-06-24,0.0,,73.0,84.0,62.0
2020-06-25,0.0,,72.0,83.0,62.0
2020-06-26,0.55,,69.0,84.0,62.0
2020-06-27,0.0,,69.0,77.0,61.0
2020-06-28,0.03,,63.0,66.0,55.0
2020-06-29,0.1,,61.0,70.0,53.0
2020-06-30,0.0,,59.0,66.0,49.0
2020-07-01,0.09,,65.0,74.0,56.0
2020-07-02,0.02,,63.0,69.0,56.0
2020-07-03,0.0,,61.0,70.0,51.0
2020-07-04,0.0,,64.0,71.0,53.0
2020-07-05,0.02,,67.0,76.0,62.0
2020-07-06,0.0,,58.0,65.0,50.0
2020-07-07,0.0,,59.0,70.0,47.0
2020-07-08,0.0,,61.0,67.0,55.0
2020-07-09,0.0,,70.0,82.0,58.0
2020-07-10,0.0,,63.0,69.0,55.0
2020-07-11,0.0,,60.0,70.0,50.0
2020-07-12,0.0,,64.0,74.0,53.0
2020-07-13,0.0,,67.0,78.0,57.0
2020-07-14,0.1,,64.0,75.0,55.0
2020-07-15,0.07,,61.0,68.0,56.0
2020-07-16,0.02,,57.0,62.0,55.0
2020-07-17,0.0,,63.0,71.0,56.0
2020-07-18,0.0,,70.0,79.0,61.0
2020-07-19,0.0,,73.0,84.0,60.0
2020-07-20,0.0,,68.0,79.0,59.0
2020-07-21,0.0,,65.0,77.0,54.0
2020-07-22,0.0,,66.0,78.0,54.0
2020-07-23,0.0,,67.0,77.0,56.0
2020-07-24,0.0,,67.0,76.0,58.0
2020-07-25,0.01,,68.0,76.0,57.0
2020-07-26,0.0,,67.0,75.0,60.0
2020-07-27,0.0,,72.0,88.0,58.0
2020-07-28,0.0,,68.0,74.0,57.0
2020-07-29,0.0,,64.0,76.0,50.0
2020-07-30,0.0,,73.0,86.0,59.0
2020-07-31,0.1,,82.0,95.0,67.0
2020-08-01,0.03,,76.0,91.0,64.0
2020-08-02,0.0,,68.0,76.0,59.0
2020-08-03,0.0,,62.0,68.0,57.0
2020-08-04,0.0,,63.0,75.0,52.0
2020-08-05,0.0,,69.0,82.0,54.0
2020-08-06,0.0,,75.0,86.0,62.0
2020-08-07,0.0,,80.0,92.0,68.0
2020-08-08,0.0,,83.0,95.0,72.0
2020-08-09,0.0,,83.0,96.0,73.0
2020-08-10,0.0,,82.0,94.0,71.0
2020-08-11,0.0,,82.0,95.0,71.0
2020-08-12,0.0,,79.0,94.0,67.0
2020-08-13,0.0,,75.0,87.0,67.0
2020-08-14,0.0,,73.0,81.0,68.0
2020-08-15,0.0,,72.0,83.0,63.0
2020-08-16,0.06,,74.0,85.0,64.0
2020-08-17,0.0,,68.0,79.0,61.0
2020-08-18,0.35,,65.0,74.0,58.0
2020-08-19,0.01,,68.0,79.0,55.0
2020-08-20,0.0,,78.0,92.0,63.0
2020-08-21,0.0,,76.0,81.0,69.0
2020-08-22,0.0,,69.0,76.0,64.0
2020-08-23,0.0,,64.0,70.0,59.0
2020-08-24,0.0,,63.0,69.0,56.0
2020-08-25,0.0,,66.0,78.0,54.0
2020-08-26,0.0,,65.0,72.0,55.0
2020-08-27,0.06,,62.0,74.0,50.0
2020-08-28,0.22,,60.0,68.0,53.0
2020-08-29,0.0,,59.0,69.0,50.0
2020-08-30,0.26,,58.0,69.0,52.0
2020-08-31,0.13,,57.0,64.0,53.0
2020-09-01,0.06,,57.0,64.0,53.0
2020-09-02,0.0,,60.0,69.0,53.0
2020-09-03,0.0,,63.0,71.0,52.0
2020-09-04,0.0,,71.0,82.0,63.0
2020-09-05,0.0,,61.0,67.0,50.0
2020-09-06,0.0,,57.0,66.0,47.0
2020-09-07,0.0,,60.0,71.0,48.0
2020-09-08,0.0,,64.0,77.0,50.0
2020-09-09,0.0,,66.0,75.0,56.0
2020-09-10,0.0,,66.0,75.0,60.0
2020-09-11,0.0,,65.0,77.0,53.0
2020-09-12,0.0,,67.0,80.0,54.0
2020-09-13,0.0,,68.0,82.0,51.0
2020-09-14,0.0,,74.0,87.0,61.0
2020-09-15,0.0,,76.0,90.0,64.0
2020-09-16,0.06,,74.0,90.0,63.0
2020-09-17,0.0,,64.0,73.0,57.0
2020-09-18,0.0,,64.0,78.0,52.0
2020-09-19,0.0,,67.0,80.0,54.0
2020-09-20,0.0,,67.0,78.0,59.0
2020-09-21,0.0,,66.0,78.0,53.0
2020-09-22,0.0,,67.0,78.0,55.0
2020-09-23,0.14,,63.0,73.0,54.0
2020-09-24,0.24,,57.0,64.0,50.0
2020-09-25,0.1,,47.0,51.0,45.0
2020-09-26,1.05,,47.0,51.0,44.0
2020-09-27,0.06,,48.0,51.0,46.0
2020-09-28,0.35,,48.0,52.0,45.0
2020-09-29,0.06,,54.0,61.0,49.0
2020-09-30,0.0,,56.0,63.0,52.0
2020-10-01,0.21,,52.0,57.0,45.0
2020-10-02,0.28,,52.0,59.0,45.0
2020-10-03,0.55,,50.0,54.0,48.0
2020-10-04,0.24,,49.0,56.0,46.0
2020-10-05,0.53,,49.0,52.0,46.0
2020-10-06,0.43,,51.0,57.0,48.0
2020-10-07,0.11,,51.0,56.0,46.0
2020-10-08,0.22,,54.0,59.0,49.0
2020-10-09,0.31,,53.0,56.0,46.0
2020-10-10,0.06,,48.0,54.0,43.0
2020-10-11,0.0,,47.0,53.0,42.0
2020-10-12,0.02,,46.0,53.0,42.0
2020-10-13,0.0,,45.0,51.0,42.0
2020-10-14,0.04,,45.0,51.0,40.0
2020-10-15,0.0,,45.0,47.0,43.0
2020-10-16,0.0,,47.0,49.0,45.0
2020-10-17,0.0,,45.0,51.0,39.0
2020-10-18,0.0,,44.0,49.0,38.0
2020-10-19,0.0,,46.0,53.0,42.0
2020-10-20,0.08,,51.0,57.0,42.0
2020-10-21,0.04,,59.0,69.0,50.0
2020-10-22,0.03,,60.0,67.0,54.0
2020-10-23,0.14,,55.0,58.0,51.0
2020-10-24,0.01,,53.0,55.0,50.0
2020-10-25,0.33,,50.0,53.0,48.0
2020-10-26,0.02,,47.0,52.0,43.0
2020-10-27,0.28,,47.0,50.0,43.0
2020-10-28,0.26,,51.0,55.0,48.0
2020-10-29,0.19,,49.0,53.0,47.0
2020-10-30,0.02,,53.0,55.0,51.0
2020-10-31,0.07,,53.0,59.0,49.0
2020-11-01,0.22,,57.0,60.0,55.0
2020-11-02,0.14,,60.0,68.0,50.0
2020-11-03,0.03,,47.0,53.0,38.0
2020-11-04,0.0,,40.0,49.0,34.0
2020-11-05,0.0,,42.0,49.0,36.0
2020-11-06,0.0,,43.0,52.0,37.0
2020-11-07,0.0,,46.0,55.0,36.0
2020-11-08,0.0,,50.0,58.0,43.0
2020-11-09,0.0,,54.0,61.0,48.0
2020-11-10,0.0,,49.0,52.0,45.0
2020-11-11,0.03,,48.0,49.0,46.0
2020-11-12,0.01,,47.0,55.0,41.0
2020-11-13,0.0,,48.0,54.0,42.0
2020-11-14,0.0,,51.0,58.0,47.0
2020-11-15,0.47,,52.0,58.0,47.0
2020-11-16,0.02,,47.0,49.0,46.0
2020-11-17,0.0,,48.0,51.0,44.0
2020-11-18,0.15,,47.0,53.0,42.0
2020-11-19,0.03,,45.0,50.0,39.0
2020-11-20,0.0,,37.0,44.0,30.0
2020-11-21,0.0,,35.0,42.0,28.0
2020-11-22,0.02,,39.0,43.0,34.0
2020-11-23,0.02,,42.0,45.0,39.0
2020-11-24,0.0,,38.0,41.0,36.0
2020-11-25,0.0,,39.0,44.0,36.0
2020-11-26,0.0,,37.0,44.0,28.0
2020-11-27,0.0,,36.0,42.0,30.0
2020-11-28,0.0,,36.0,45.0,31.0
2020-11-29,0.0,,31.0,33.0,26.0
2020-11-30,0.2,,30.0,37.0,21.0
2020-12-01,0.33,,37.0,31.0,42.0
2020-12-02,0.02,,36.0,32.0,38.0
2020-12-03,0.48,,35.0,32.0,38.0
2020-12-04,0.02,,39.0,35.0,41.0
2020-12-05,0.0,,36.0,33.0,40.0
2020-12-06,0.02,,35.0,33.0,37.0
2020-12-07,0.0,,35.0,31.0,37.0
2020-12-08,0.09,0.4,33.0,29.0,34.0
2020-12-09,0.0,,32.0,29.0,34.0
2020-12-10,0.0,,32.0,28.0,35.0
2020-12-11,0.21,,35.0,27.0,40.0
2020-12-12,0.2,,43.0,40.0,45.0
2020-12-13,0.0,,40.0,38.0,44.0
2020-12-14,0.17,,42.0,38.0,48.0
2020-12-15,0.22,,45.0,42.0,48.0
2020-12-16,0.0,,46.0,42.0,49.0
2020-12-17,0.01,,45.0,42.0,48.0
2020-12-18,0.0,,41.0,38.0,45.0
2020-12-19,0.11,,47.0,44.0,52.0
2020-12-20,0.0,,46.0,42.0,49.0
2020-12-21,0.31,,44.0,41.0,50.0
2020-12-22,0.7,,53.0,50.0,54.0
2020-12-23,0.85,,51.0,44.0,54.0
2020-12-24,0.18,,39.0,33.0,45.0
2020-12-25,0.0,,35.0,30.0,39.0
2020-12-26,0.0,,33.0,29.0,35.0
2020-12-27,0.25,,33.0,31.0,36.0
2020-12-28,0.18,,35.0,32.0,37.0
2020-12-29,0.09,,35.0,32.0,37.0
2020-12-30,0.08,,35.0,34.0,38.0
2020-12-31,0.1,,33.0,32.0,36.0
2021-01-01,0.02,,33.0,35.0,32.0
2021-01-02,0.0,,31.0,33.0,27.0
2021-01-03,0.02,,32.0,33.0,31.0
2021-01-04,0.01,,32.0,32.0,31.0
2021-01-05,0.01,,33.0,34.0,32.0
2021-01-06,0.01,,33.0,36.0,32.0
2021-01-07,0.0,,32.0,33.0,30.0
2021-01-08,0.0,0.4,31.0,33.0,30.0
2021-01-09,0.0,,31.0,35.0,26.0
2021-01-10,0.0,,30.0,35.0,25.0
2021-01-11,0.08,,29.0,34.0,21.0
2021-01-12,0.12,,36.0,41.0,31.0
2021-01-13,0.13,,34.0,38.0,28.0
2021-01-14,0.18,,31.0,35.0,29.0
2021-01-15,0.02,,28.0,31.0,24.0
2021-01-16,0.09,,26.0,30.0,22.0
2021-01-17,0.05,4.3,32.0,37.0,26.0
2021-01-18,0.0,,35.0,36.0,31.0
2021-01-19,0.06,,34.0,36.0,31.0
2021-01-20,0.01,,41.0,48.0,32.0
2021-01-21,0.69,,45.0,49.0,39.0
2021-01-22,0.2,,38.0,46.0,32.0
2021-01-23,0.17,,35.0,39.0,32.0
2021-01-24,0.18,0.4,31.0,34.0,30.0
2021-01-25,0.01,,32.0,35.0,28.0
2021-01-26,0.08,,32.0,34.0,29.0
2021-01-27,0.17,,32.0,35.0,30.0
2021-01-28,0.66,,44.0,51.0,35.0
2021-01-29,0.22,,46.0,49.0,42.0
2021-01-30,0.31,,39.0,42.0,32.0
2021-01-31,0.21,,32.0,34.0,31.0
2021-02-01,0.02,,39.0,44.0,34.0
2021-02-02,0.2,,44.0,51.0,38.0
2021-02-03,0.7,,48.0,52.0,43.0
2021-02-04,0.0,,43.0,47.0,40.0
2021-02-05,0.24,,44.0,47.0,40.0
2021-02-06,0.45,,41.0,43.0,40.0
2021-02-07,0.06,,38.0,44.0,31.0
2021-02-08,0.11,,29.0,31.0,26.0
2021-02-09,0.0,,23.0,26.0,19.0
2021-02-10,0.0,,17.0,23.0,13.0
2021-02-11,0.0,,21.5,27.0,16.0
2021-02-12,0.0,,20.5,26.0,15.0
2021-02-13,0.0,,24.0,29.0,14.0
2021-02-14,0.0,,27.0,38.0,16.0
2021-02-15,0.0,,35.0,41.0,27.0
2021-02-16,0.13,,42.0,51.0,35.0
2021-02-17,0.01,,44.0,47.0,37.0
2021-02-18,0.06,,42.0,51.0,35.0
2021-02-19,0.0,,39.0,52.0,35.0
2021-02-20,0.0,,53.0,59.0,41.0
2021-02-21,0.0,,52.0,63.0,42.0
2021-02-22,0.0,,48.0,56.0,42.0
2021-02-23,0.0,,54.0,64.0,45.0
2021-02-24,0.0,,52.0,62.0,44.0
2021-02-25,0.0,,52.0,62.0,44.0
2021-02-26,0.06,,43.0,48.0,38.0
2021-02-27,0.0,,39.0,46.0,31.0
2021-02-28,0.0,,41.0,50.0,33.0
2021-03-01,0.0,,43.0,57.0,33.0
2021-03-02,0.0,,47.0,59.0,37.0
2021-03-03,0.0,,48.0,59.0,39.0
2021-03-04,0.09,,43.0,51.0,37.0
2021-03-05,0.0,,36.0,39.0,29.0
2021-03-06,0.0,,33.0,43.0,25.0
2021-03-07,0.0,,35.0,45.0,25.0
2021-03-08,0.0,,35.0,44.0,27.0
2021-03-09,0.02,,37.0,42.0,32.0
2021-03-10,0.06,,42.0,49.0,34.0
2021-03-11,0.2,,45.0,54.0,38.0
2021-03-12,0.31,,41.0,47.0,36.0
2021-03-13,0.45,,41.0,46.0,35.0
2021-03-14,0.17,,38.0,45.0,33.0
2021-03-15,0.06,,40.0,47.0,37.0
2021-03-16,0.12,,38.0,42.0,35.0
2021-03-17,0.0,,38.0,44.0,34.0
2021-03-18,0.07,,36.0,43.0,28.0
2021-03-19,0.0,,36.0,42.0,33.0
2021-03-20,0.0,,37.0,45.0,30.0
2021-03-21,0.0,,40.0,46.0,35.0
2021-03-22,0.0,,39.0,44.0,34.0
2021-03-23,0.0,,43.0,52.0,35.0
2021-03-24,0.0,,46.0,60.0,33.0
2021-03-25,0.0,,45.0,52.0,36.0
2021-03-26,0.02,,47.0,56.0,36.0
2021-03-27,0.02,,41.0,47.0,37.0
2021-03-28,0.0,,46.0,56.0,34.0
2021-03-29,0.0,,53.0,67.0,38.0
2021-03-30,0.0,,59.0,72.0,45.0
2021-03-31,0.0,,62.0,74.0,47.0
2021-04-01,0.0,,61.0,72.0,48.0
2021-04-02,0.0,,44.0,53.0,36.0
2021-04-03,0.0,,43.0,52.0,38.0
2021-04-04,0.0,,44.0,54.0,34.0
2021-04-05,0.06,,35.0,40.0,27.0
2021-04-06,0.0,,32.0,40.0,27.0
2021-04-07,0.01,,34.0,41.0,29.0
2021-04-08,0.0,,38.0,47.0,26.0
2021-04-09,0.27,,46.0,59.0,32.0
2021-04-10,0.56,,46.0,47.0,44.0
2021-04-11,0.53,,41.0,47.0,35.0
2021-04-12,0.0,,37.0,45.0,31.0
2021-04-13,0.0,,38.0,45.0,30.0
2021-04-14,0.0,,38.0,46.0,29.0
2021-04-15,0.0,,38.0,47.0,30.0
2021-04-16,0.0,,39.0,45.0,33.0
2021-04-17,0.0,,45.0,53.0,38.0
2021-04-18,0.0,,47.0,53.0,42.0
2021-04-19,0.01,,47.0,55.0,43.0
2021-04-20,0.0,,50.0,60.0,40.0
2021-04-21,0.0,,53.0,63.0,42.0
2021-04-22,0.0,,46.0,57.0,37.0
2021-04-23,0.0,,48.0,60.0,36.0
2021-04-24,0.0,,50.0,62.0,39.0
2021-04-25,0.0,,47.0,57.0,37.0
2021-04-26,0.0,,47.0,58.0,36.0
2021-04-27,0.0,,49.0,62.0,36.0
2021-04-28,0.0,,53.0,65.0,41.0
2021-04-29,0.0,,48.0,56.0,36.0
2021-04-30,0.0,,44.0,52.0,31.0
2021-05-01,0.0,,46.0,54.0,37.0
2021-05-02,0.0,,44.0,51.0,37.0
2021-05-03,0.06,,46.0,55.0,32.0
2021-05-04,0.54,,46.0,52.0,40.0
2021-05-05,0.04,,41.0,50.0,34.0
2021-05-06,0.23,,41.0,45.0,36.0
2021-05-07,0.0,,44.0,53.0,35.0
2021-05-08,0.0,,51.0,62.0,37.0
2021-05-09,0.0,,64.0,77.0,49.0
2021-05-10,0.01,,58.0,65.0,51.0
2021-05-11,0.09,,52.0,57.0,48.0
2021-05-12,0.0,,52.0,61.0,44.0
2021-05-13,0.0,,51.0,57.0,42.0
2021-05-14,0.1,,50.0,59.0,40.0
2021-05-15,0.21,,47.0,53.0,45.0
2021-05-16,0.37,,50.0,59.0,44.0
2021-05-17,0.31,,50.0,58.0,46.0
2021-05-18,0.12,,48.0,55.0,45.0
2021-05-19,0.06,,48.0,57.0,42.0
2021-05-20,0.0,,51.0,59.0,43.0
2021-05-21,0.18,,53.0,59.0,45.0
2021-05-22,0.08,,49.0,57.0,44.0
2021-05-23,0.01,,51.0,59.0,44.0
2021-05-24,0.25,,48.0,56.0,43.0
2021-05-25,0.28,,46.0,56.0,42.0
2021-05-26,0.2,,48.0,54.0,40.0
2021-05-27,0.03,,49.0,58.0,38.0
2021-05-28,0.0,,53.0,63.0,39.0
2021-05-29,0.0,,57.0,67.0,45.0
2021-05-30,0.0,,58.0,68.0,46.0
2021-05-31,0.0,,60.0,70.0,49.0
2021-06-01,0.0,,63.0,73.0,50.0
2021-06-02,0.13,,65.0,78.0,53.0
2021-06-03,0.1,,65.0,73.0,59.0
2021-06-04,0.64,,66.0,80.0,56.0
2021-06-05,0.01,,60.0,65.0,56.0
2021-06-06,0.0,,58.0,62.0,55.0
2021-06-07,0.0,,62.0,68.0,56.0
2021-06-08,0.0,,65.0,73.0,58.0
2021-06-09,0.0,,68.0,77.0,55.0
2021-06-10,0.0,,70.0,78.0,60.0
2021-06-11,0.0,,72.0,80.0,61.0
2021-06-12,0.0,,66.0,72.0,58.0
2021-06-13,0.0,,63.0,74.0,52.0
2021-06-14,0.0,,68.0,80.0,54.0
2021-06-15,0.0,,72.0,83.0,59.0
2021-06-16,0.0,,74.0,85.0,61.0
2021-06-17,0.0,,76.0,87.0,62.0
2021-06-18,0.0,,76.0,85.0,67.0
2021-06-19,0.27,,73.0,85.0,59.0
2021-06-20,0.12,,68.0,76.0,63.0
2021-06-21,0.01,,65.0,76.0,58.0
2021-06-22,0.07,,57.0,60.0,55.0
2021-06-23,0.04,,62.0,72.0,56.0
2021-06-24,0.35,,59.0,62.0,55.0
2021-06-25,0.0,,62.0,70.0,54.0
2021-06-26,0.0,,64.0,75.0,52.0
2021-06-27,0.01,,67.0,75.0,59.0
2021-06-28,0.0,,68.0,76.0,61.0
2021-06-29,0.28,,60.0,69.0,55.0
2021-06-30,0.18,,56.0,60.0,54.0
2021-07-01,0.0,,57.0,64.0,53.0
2021-07-02,0.0,,61.0,72.0,49.0
2021-07-03,0.03,,66.0,75.0,55.0
2021-07-04,0.16,,62.0,66.0,56.0
2021-07-05,0.57,,61.0,67.0,57.0
2021-07-06,0.14,,62.0,67.0,56.0
2021-07-07,0.0,,62.0,72.0,54.0
2021-07-08,0.2,,60.0,64.0,56.0
2021-07-09,0.0,,62.0,72.0,55.0
2021-07-10,0.09,,63.0,74.0,55.0
2021-07-11,0.0,,62.0,72.0,54.0
2021-07-12,0.22,,62.0,68.0,55.0
2021-07-13,0.73,,60.0,63.0,58.0
2021-07-14,3.02,,59.0,61.0,58.0
2021-07-15,0.13,,62.0,69.0,58.0
2021-07-16,0.0,,63.0,67.0,60.0
2021-07-17,0.0,,66.0,76.0,59.0
2021-07-18,0.0,,69.0,80.0,58.0
2021-07-19,0.0,,67.0,77.0,58.0
2021-07-20,0.0,,65.0,76.0,53.0
2021-07-21,0.0,,66.0,76.0,54.0
2021-07-22,0.0,,67.0,76.0,57.0
2021-07-23,0.0,,68.0,78.0,58.0
2021-07-24,0.54,,64.0,73.0,58.0
2021-07-25,0.69,,62.0,73.0,55.0
2021-07-26,0.19,,63.0,71.0,58.0
2021-07-27,0.68,,60.0,69.0,56.0
2021-07-28,0.01,,61.0,69.0,57.0
2021-07-29,0.0,,61.0,69.0,55.0
2021-07-30,0.0,,63.0,75.0,52.0
2021-07-31,0.0,,61.0,69.0,52.0
2021-08-01,0.07,,60.0,69.0,54.0
2021-08-02,0.32,,60.0,69.0,54.0
2021-08-03,0.34,,58.0,65.0,54.0
2021-08-04,0.04,,60.0,68.0,55.0
2021-08-05,0.52,,61.0,69.0,56.0
2021-08-06,0.02,,60.0,66.0,56.0
2021-08-07,0.54,,60.0,67.0,54.0
2021-08-08,0.03,,58.0,65.0,52.0
2021-08-09,0.0,,60.0,68.0,53.0
2021-08-10,0.0,,63.0,71.0,55.0
2021-08-11,0.0,,67.0,76.0,57.0
2021-08-12,0.0,,70.0,81.0,57.0
2021-08-13,0.0,,71.0,79.0,61.0
2021-08-14,0.0,,71.0,81.0,58.0
2021-08-15,0.0,,70.0,81.0,58.0
2021-08-16,0.1,,58.0,64.0,49.0
2021-08-17,0.15,,54.0,61.0,48.0
2021-08-18,0.05,,59.0,65.0,55.0
2021-08-19,0.0,,62.0,68.0,56.0
2021-08-20,0.0,,62.0,71.0,52.0
2021-08-21,0.06,,65.0,77.0,56.0
2021-08-22,0.2,,62.0,69.0,58.0
2021-08-23,0.0,,62.0,70.0,58.0
2021-08-24,0.0,,60.0,68.0,53.0
2021-08-25,0.0,,60.0,70.0,51.0
2021-08-26,0.0,,58.0,63.0,52.0
2021-08-27,0.0,,56.0,63.0,50.0
2021-08-28,0.01,,57.0,65.0,50.0
2021-08-29,0.02,,57.0,63.0,53.0
2021-08-30,0.0,,60.0,66.0,56.0
2021-08-31,0.0,,60.0,68.0,53.0
2021-09-01,0.0,,59.0,67.0,52.0
2021-09-02,0.0,,60.0,72.0,50.0
2021-09-03,0.0,,64.0,76.0,53.0
2021-09-04,0.0,,65.0,76.0,55.0
2021-09-05,0.0,,66.0,77.0,56.0
2021-09-06,0.0,,68.0,78.0,58.0
2021-09-07,0.0,,67.0,77.0,57.0
2021-09-08,0.0,,67.0,79.0,57.0
2021-09-09,0.04,,65.0,74.0,58.0
2021-09-10,0.15,,63.0,68.0,60.0
2021-09-11,0.0,,62.0,69.0,54.0
2021-09-12,0.0,,61.0,70.0,52.0
2021-09-13,0.0,,62.0,71.0,53.0
2021-09-14,0.01,,62.0,69.0,54.0
2021-09-15,0.33,,64.0,69.0,60.0
2021-09-16,0.0,,59.0,64.0,52.0
2021-09-17,0.0,,58.0,68.0,50.0
2021-09-18,0.0,,59.0,70.0,50.0
2021-09-19,0.0,,58.0,67.0,51.0
2021-09-20,0.0,,58.0,65.0,51.0
2021-09-21,0.0,,54.0,60.0,46.0
2021-09-22,0.0,,54.0,64.0,45.0
2021-09-23,0.0,,57.0,69.0,44.0
2021-09-24,0.0,,57.0,67.0,48.0
2021-09-25,0.02,,59.0,70.0,46.0
2021-09-26,0.02,,60.0,66.0,55.0
2021-09-27,0.05,,57.0,65.0,51.0
2021-09-28,0.0,,53.0,60.0,49.0
2021-09-29,0.17,,49.0,58.0,42.0
2021-09-30,0.0,,47.0,58.0,38.0
2021-10-01,0.09,,51.0,61.0,40.0
2021-10-02,0.06,,56.0,62.0,51.0
2021-10-03,0.19,,58.0,65.0,51.0
2021-10-04,0.0,,52.0,60.0,46.0
2021-10-05,0.25,,50.0,59.0,46.0
2021-10-06,0.07,,49.0,51.0,47.0
2021-10-07,0.0,,51.0,59.0,44.0
2021-10-08,0.0,,52.0,62.0,44.0
2021-10-09,0.0,,50.0,61.0,43.0
2021-10-10,0.0,,49.0,58.0,41.0
2021-10-11,0.0,,49.0,57.0,40.0
2021-10-12,0.15,,47.0,52.0,42.0
2021-10-13,0.0,,45.0,51.0,41.0
2021-10-14,0.0,,49.0,58.0,42.0
2021-10-15,0.02,,48.0,57.0,38.0
2021-10-16,0.0,,45.0,54.0,37.0
2021-10-17,0.0,,47.0,54.0,39.0
2021-10-18,0.08,,46.0,57.0,35.0
2021-10-19,0.03,,55.0,67.0,47.0
2021-10-20,0.2,,56.0,60.0,52.0
2021-10-21,0.25,,48.0,58.0,36.0
2021-10-22,0.0,,42.0,49.0,34.0
2021-10-23,0.0,,45.0,51.0,38.0
2021-10-24,0.0,,43.0,54.0,34.0
2021-10-25,0.03,,46.0,57.0,33.0
2021-10-26,0.0,,50.0,55.0,48.0
2021-10-27,0.0,,48.0,49.0,45.0
2021-10-28,0.0,,45.0,46.0,41.0
2021-10-29,0.11,,52.0,63.0,41.0
2021-10-30,0.48,,51.0,54.0,49.0
2021-10-31,0.13,,54.0,61.0,47.0
2021-11-01,0.21,,47.0,53.0,40.0
2021-11-02,0.43,,43.0,47.0,38.0
2021-11-03,0.19,,42.0,47.0,40.0
2021-11-04,0.03,,42.0,44.0,40.0
2021-11-05,0.0,,44.0,48.0,39.0
2021-11-06,0.0,,43.0,48.0,38.0
2021-11-07,0.0,,41.0,45.0,37.0
2021-11-08,0.0,,41.0,47.0,33.0
2021-11-09,0.0,,40.0,48.0,33.0
2021-11-10,0.0,,37.0,45.0,31.0
2021-11-11,0.0,,35.0,46.0,28.0
2021-11-12,0.01,,31.0,34.0,28.0
2021-11-13,0.13,,42.0,49.0,34.0
2021-11-14,0.0,,46.0,48.0,44.0
2021-11-15,0.01,,42.0,45.0,40.0
2021-11-16,0.0,,40.0,41.0,38.0
2021-11-17,0.0,,40.0,43.0,37.0
2021-11-18,0.0,,40.0,42.0,37.0
2021-11-19,0.0,,45.0,48.0,42.0
2021-11-20,0.0,,44.0,51.0,38.0
2021-11-21,0.01,,40.0,42.0,39.0
2021-11-22,0.0,,38.0,41.0,31.0
2021-11-23,0.0,,36.0,44.0,29.0
2021-11-24,0.0,,37.0,44.0,31.0
2021-11-25,0.0,,35.0,38.0,33.0
2021-11-26,0.38,,34.0,37.0,30.0
2021-11-27,0.11,,34.0,38.0,32.0
2021-11-28,0.06,,34.0,35.0,32.0
2021-11-29,0.05,,33.0,36.0,28.0
2021-11-30,0.03,,37.0,41.0,33.0
2021-12-01,0.24,,42.0,,
2021-12-02,,,35.0,,
2021-12-03,,,33.0,,29.0
2021-12-04,,,37.0,,
2021-12-05,,,35.0,,
2021-12-06,,,33.0,,
2021-12-07,,,37.0,,33.0
2021-12-08,,,38.0,,
2021-12-09,,,34.0,,29.0
2021-12-10,,,33.0,,
2021-12-11,0.01,,35.0,,33.0
2021-12-12,,,38.0,,34.0
2021-12-13,,,42.0,,
2021-12-14,,,40.0,,
2021-12-15,,,43.0,,
2021-12-16,,,45.0,,42.0
2021-12-17,,,43.0,,
2021-12-18,,,38.0,,35.0
2021-12-19,,,37.0,,35.0
2021-12-20,,,36.0,,
2021-12-21,,,28.0,,24.0
2021-12-22,,,26.0,,21.0
2021-12-23,,,32.0,,
2021-12-24,,,44.0,,40.0
2021-12-25,,,42.0,,
2021-12-26,0.24,,36.0,,34.0
2021-12-27,0.2,,43.0,,37.0
2021-12-28,0.39,,46.0,,
2021-12-29,0.13,,47.0,,
2021-12-30,0.05,,53.0,,49.0
2021-12-31,,,48.0,,
